,Country,Country Code,year,GDP,LOCATION,INDICATOR,SUBJECT,TIME,Value
0,Australia,AUS,2000,26328.67368,AUS,PISAREAD,BOY,2000,513.0
1,Australia,AUS,2000,26328.67368,AUS,PISAREAD,GIRL,2000,546.0
2,Australia,AUS,2000,26328.67368,AUS,PISAREAD,TOT,2000,528.0
3,Austria,AUT,2000,29380.06604,AUT,PISAREAD,BOY,2000,476.0
4,Austria,AUT,2000,29380.06604,AUT,PISAREAD,GIRL,2000,509.0
5,Austria,AUT,2000,29380.06604,AUT,PISAREAD,TOT,2000,492.0
6,Belgium,BEL,2000,27788.43052,BEL,PISAREAD,BOY,2000,492.0
7,Belgium,BEL,2000,27788.43052,BEL,PISAREAD,GIRL,2000,525.0
8,Belgium,BEL,2000,27788.43052,BEL,PISAREAD,TOT,2000,507.0
9,Brazil,BRA,2000,9073.976905,BRA,PISAREAD,BOY,2000,388.0
10,Brazil,BRA,2000,9073.976905,BRA,PISAREAD,GIRL,2000,404.0
11,Brazil,BRA,2000,9073.976905,BRA,PISAREAD,TOT,2000,396.0
12,Canada,CAN,2000,29265.08444,CAN,PISAREAD,BOY,2000,519.0
13,Canada,CAN,2000,29265.08444,CAN,PISAREAD,GIRL,2000,551.0
14,Canada,CAN,2000,29265.08444,CAN,PISAREAD,TOT,2000,534.0
15,Switzerland,CHE,2000,35754.54761,CHE,PISAREAD,BOY,2000,480.0
16,Switzerland,CHE,2000,35754.54761,CHE,PISAREAD,GIRL,2000,510.0
17,Switzerland,CHE,2000,35754.54761,CHE,PISAREAD,TOT,2000,494.0
18,Chile,CHL,2000,9553.566623,CHL,PISAREAD,BOY,2000,396.0
19,Chile,CHL,2000,9553.566623,CHL,PISAREAD,GIRL,2000,421.0
20,Chile,CHL,2000,9553.566623,CHL,PISAREAD,TOT,2000,410.0
21,Czech Republic,CZE,2000,16190.80503,CZE,PISAREAD,BOY,2000,473.0
22,Czech Republic,CZE,2000,16190.80503,CZE,PISAREAD,GIRL,2000,510.0
23,Czech Republic,CZE,2000,16190.80503,CZE,PISAREAD,TOT,2000,492.0
24,Germany,DEU,2000,27202.79337,DEU,PISAREAD,BOY,2000,468.0
25,Germany,DEU,2000,27202.79337,DEU,PISAREAD,GIRL,2000,502.0
26,Germany,DEU,2000,27202.79337,DEU,PISAREAD,TOT,2000,484.0
27,Denmark,DNK,2000,28662.09474,DNK,PISAREAD,BOY,2000,485.0
28,Denmark,DNK,2000,28662.09474,DNK,PISAREAD,GIRL,2000,510.0
29,Denmark,DNK,2000,28662.09474,DNK,PISAREAD,TOT,2000,497.0
30,Spain,ESP,2000,21587.25644,ESP,PISAREAD,BOY,2000,481.0
31,Spain,ESP,2000,21587.25644,ESP,PISAREAD,GIRL,2000,505.0
32,Spain,ESP,2000,21587.25644,ESP,PISAREAD,TOT,2000,493.0
33,Finland,FIN,2000,26788.40847,FIN,PISAREAD,BOY,2000,520.0
34,Finland,FIN,2000,26788.40847,FIN,PISAREAD,GIRL,2000,571.0
35,Finland,FIN,2000,26788.40847,FIN,PISAREAD,TOT,2000,546.0
36,France,FRA,2000,26094.25256,FRA,PISAREAD,BOY,2000,490.0
37,France,FRA,2000,26094.25256,FRA,PISAREAD,GIRL,2000,519.0
38,France,FRA,2000,26094.25256,FRA,PISAREAD,TOT,2000,505.0
39,Greece,GRC,2000,19518.90751,GRC,PISAREAD,BOY,2000,456.0
40,Greece,GRC,2000,19518.90751,GRC,PISAREAD,GIRL,2000,493.0
41,Greece,GRC,2000,19518.90751,GRC,PISAREAD,TOT,2000,474.0
42,Hungary,HUN,2000,11854.81987,HUN,PISAREAD,BOY,2000,465.0
43,Hungary,HUN,2000,11854.81987,HUN,PISAREAD,GIRL,2000,496.0
44,Hungary,HUN,2000,11854.81987,HUN,PISAREAD,TOT,2000,480.0
45,Indonesia,IDN,2000,4620.547598,IDN,PISAREAD,BOY,2000,360.0
46,Indonesia,IDN,2000,4620.547598,IDN,PISAREAD,GIRL,2000,380.0
47,Indonesia,IDN,2000,4620.547598,IDN,PISAREAD,TOT,2000,371.0
48,Ireland,IRL,2000,30177.82788,IRL,PISAREAD,BOY,2000,513.0
49,Ireland,IRL,2000,30177.82788,IRL,PISAREAD,GIRL,2000,542.0
50,Ireland,IRL,2000,30177.82788,IRL,PISAREAD,TOT,2000,527.0
51,Iceland,ISL,2000,29710.55155,ISL,PISAREAD,BOY,2000,488.0
52,Iceland,ISL,2000,29710.55155,ISL,PISAREAD,GIRL,2000,528.0
53,Iceland,ISL,2000,29710.55155,ISL,PISAREAD,TOT,2000,507.0
54,Israel,ISR,2000,24931.03887,ISR,PISAREAD,BOY,2000,444.0
55,Israel,ISR,2000,24931.03887,ISR,PISAREAD,GIRL,2000,459.0
56,Israel,ISR,2000,24931.03887,ISR,PISAREAD,TOT,2000,452.0
57,Italy,ITA,2000,27076.1868,ITA,PISAREAD,BOY,2000,469.0
58,Italy,ITA,2000,27076.1868,ITA,PISAREAD,GIRL,2000,507.0
59,Italy,ITA,2000,27076.1868,ITA,PISAREAD,TOT,2000,487.0
60,Japan,JPN,2000,26838.69136,JPN,PISAREAD,BOY,2000,507.0
61,Japan,JPN,2000,26838.69136,JPN,PISAREAD,GIRL,2000,537.0
62,Japan,JPN,2000,26838.69136,JPN,PISAREAD,TOT,2000,522.0
63,"Korea, Rep.",KOR,2000,18082.9548,KOR,PISAREAD,BOY,2000,519.0
64,"Korea, Rep.",KOR,2000,18082.9548,KOR,PISAREAD,GIRL,2000,533.0
65,"Korea, Rep.",KOR,2000,18082.9548,KOR,PISAREAD,TOT,2000,525.0
66,Luxembourg,LUX,2000,55348.89874,LUX,PISAREAD,BOY,2000,429.0
67,Luxembourg,LUX,2000,55348.89874,LUX,PISAREAD,GIRL,2000,456.0
68,Latvia,LVA,2000,8015.685601,LVA,PISAREAD,TOT,2000,458.0
69,Mexico,MEX,2000,11089.81343,MEX,PISAREAD,BOY,2000,411.0
70,Mexico,MEX,2000,11089.81343,MEX,PISAREAD,GIRL,2000,432.0
71,Mexico,MEX,2000,11089.81343,MEX,PISAREAD,TOT,2000,422.0
72,Norway,NOR,2000,36941.60093,NOR,PISAREAD,BOY,2000,486.0
73,Norway,NOR,2000,36941.60093,NOR,PISAREAD,GIRL,2000,529.0
74,Norway,NOR,2000,36941.60093,NOR,PISAREAD,TOT,2000,505.0
75,New Zealand,NZL,2000,21521.70657,NZL,PISAREAD,BOY,2000,507.0
76,New Zealand,NZL,2000,21521.70657,NZL,PISAREAD,GIRL,2000,553.0
77,New Zealand,NZL,2000,21521.70657,NZL,PISAREAD,TOT,2000,529.0
78,Poland,POL,2000,10652.90829,POL,PISAREAD,BOY,2000,461.0
79,Poland,POL,2000,10652.90829,POL,PISAREAD,GIRL,2000,497.0
80,Poland,POL,2000,10652.90829,POL,PISAREAD,TOT,2000,479.0
81,Portugal,PRT,2000,18879.28669,PRT,PISAREAD,BOY,2000,458.0
82,Portugal,PRT,2000,18879.28669,PRT,PISAREAD,GIRL,2000,482.0
83,Portugal,PRT,2000,18879.28669,PRT,PISAREAD,TOT,2000,470.0
84,Russian Federation,RUS,2000,6825.406038,RUS,PISAREAD,BOY,2000,443.0
85,Russian Federation,RUS,2000,6825.406038,RUS,PISAREAD,GIRL,2000,481.0
86,Russian Federation,RUS,2000,6825.406038,RUS,PISAREAD,TOT,2000,462.0
87,Sweden,SWE,2000,29453.55155,SWE,PISAREAD,BOY,2000,499.0
88,Sweden,SWE,2000,29453.55155,SWE,PISAREAD,GIRL,2000,536.0
89,Sweden,SWE,2000,29453.55155,SWE,PISAREAD,TOT,2000,516.0
90,United States,USA,2000,36334.90878,USA,PISAREAD,BOY,2000,490.0
91,United States,USA,2000,36334.90878,USA,PISAREAD,GIRL,2000,518.0
92,United States,USA,2000,36334.90878,USA,PISAREAD,TOT,2000,504.0
93,Australia,AUS,2003,29693.90591,AUS,PISAMATH,BOY,2003,527.0
94,Australia,AUS,2003,29693.90591,AUS,PISAMATH,GIRL,2003,522.0
95,Australia,AUS,2003,29693.90591,AUS,PISAMATH,TOT,2003,524.0
96,Australia,AUS,2003,29693.90591,AUS,PISAREAD,BOY,2003,506.0
97,Australia,AUS,2003,29693.90591,AUS,PISAREAD,GIRL,2003,545.0
98,Australia,AUS,2003,29693.90591,AUS,PISAREAD,TOT,2003,525.0
99,Austria,AUT,2003,32108.63255,AUT,PISAMATH,BOY,2003,509.0
100,Austria,AUT,2003,32108.63255,AUT,PISAMATH,GIRL,2003,502.0
101,Austria,AUT,2003,32108.63255,AUT,PISAMATH,TOT,2003,506.0
102,Austria,AUT,2003,32108.63255,AUT,PISAREAD,BOY,2003,467.0
103,Austria,AUT,2003,32108.63255,AUT,PISAREAD,GIRL,2003,514.0
104,Austria,AUT,2003,32108.63255,AUT,PISAREAD,TOT,2003,491.0
105,Belgium,BEL,2003,30898.60744,BEL,PISAMATH,BOY,2003,533.0
106,Belgium,BEL,2003,30898.60744,BEL,PISAMATH,GIRL,2003,525.0
107,Belgium,BEL,2003,30898.60744,BEL,PISAMATH,TOT,2003,529.0
108,Belgium,BEL,2003,30898.60744,BEL,PISAREAD,BOY,2003,489.0
109,Belgium,BEL,2003,30898.60744,BEL,PISAREAD,GIRL,2003,526.0
110,Belgium,BEL,2003,30898.60744,BEL,PISAREAD,TOT,2003,507.0
111,Brazil,BRA,2003,9747.941038,BRA,PISAMATH,BOY,2003,365.0
112,Brazil,BRA,2003,9747.941038,BRA,PISAMATH,GIRL,2003,348.0
113,Brazil,BRA,2003,9747.941038,BRA,PISAMATH,TOT,2003,356.0
114,Brazil,BRA,2003,9747.941038,BRA,PISAREAD,BOY,2003,384.0
115,Brazil,BRA,2003,9747.941038,BRA,PISAREAD,GIRL,2003,419.0
116,Brazil,BRA,2003,9747.941038,BRA,PISAREAD,TOT,2003,403.0
117,Canada,CAN,2003,32225.05212,CAN,PISAMATH,BOY,2003,541.0
118,Canada,CAN,2003,32225.05212,CAN,PISAMATH,GIRL,2003,530.0
119,Canada,CAN,2003,32225.05212,CAN,PISAMATH,TOT,2003,532.0
120,Canada,CAN,2003,32225.05212,CAN,PISAREAD,BOY,2003,514.0
121,Canada,CAN,2003,32225.05212,CAN,PISAREAD,GIRL,2003,546.0
122,Canada,CAN,2003,32225.05212,CAN,PISAREAD,TOT,2003,528.0
123,Switzerland,CHE,2003,37713.3375,CHE,PISAMATH,BOY,2003,535.0
124,Switzerland,CHE,2003,37713.3375,CHE,PISAMATH,GIRL,2003,518.0
125,Switzerland,CHE,2003,37713.3375,CHE,PISAMATH,TOT,2003,527.0
126,Switzerland,CHE,2003,37713.3375,CHE,PISAREAD,BOY,2003,482.0
127,Switzerland,CHE,2003,37713.3375,CHE,PISAREAD,GIRL,2003,517.0
128,Switzerland,CHE,2003,37713.3375,CHE,PISAREAD,TOT,2003,499.0
129,Czech Republic,CZE,2003,19426.08513,CZE,PISAMATH,BOY,2003,524.0
130,Czech Republic,CZE,2003,19426.08513,CZE,PISAMATH,GIRL,2003,509.0
131,Czech Republic,CZE,2003,19426.08513,CZE,PISAMATH,TOT,2003,516.0
132,Czech Republic,CZE,2003,19426.08513,CZE,PISAREAD,BOY,2003,473.0
133,Czech Republic,CZE,2003,19426.08513,CZE,PISAREAD,GIRL,2003,504.0
134,Czech Republic,CZE,2003,19426.08513,CZE,PISAREAD,TOT,2003,489.0
135,Germany,DEU,2003,29875.02793,DEU,PISAMATH,BOY,2003,508.0
136,Germany,DEU,2003,29875.02793,DEU,PISAMATH,GIRL,2003,499.0
137,Germany,DEU,2003,29875.02793,DEU,PISAMATH,TOT,2003,503.0
138,Germany,DEU,2003,29875.02793,DEU,PISAREAD,BOY,2003,471.0
139,Germany,DEU,2003,29875.02793,DEU,PISAREAD,GIRL,2003,513.0
140,Germany,DEU,2003,29875.02793,DEU,PISAREAD,TOT,2003,491.0
141,Denmark,DNK,2003,30786.24895,DNK,PISAMATH,BOY,2003,523.0
142,Denmark,DNK,2003,30786.24895,DNK,PISAMATH,GIRL,2003,506.0
143,Denmark,DNK,2003,30786.24895,DNK,PISAMATH,TOT,2003,514.0
144,Denmark,DNK,2003,30786.24895,DNK,PISAREAD,BOY,2003,479.0
145,Denmark,DNK,2003,30786.24895,DNK,PISAREAD,GIRL,2003,505.0
146,Denmark,DNK,2003,30786.24895,DNK,PISAREAD,TOT,2003,492.0
147,Spain,ESP,2003,25018.36612,ESP,PISAMATH,BOY,2003,490.0
148,Spain,ESP,2003,25018.36612,ESP,PISAMATH,GIRL,2003,481.0
149,Spain,ESP,2003,25018.36612,ESP,PISAMATH,TOT,2003,485.0
150,Spain,ESP,2003,25018.36612,ESP,PISAREAD,BOY,2003,461.0
151,Spain,ESP,2003,25018.36612,ESP,PISAREAD,GIRL,2003,500.0
152,Spain,ESP,2003,25018.36612,ESP,PISAREAD,TOT,2003,481.0
153,Finland,FIN,2003,29019.3104,FIN,PISAMATH,BOY,2003,548.0
154,Finland,FIN,2003,29019.3104,FIN,PISAMATH,GIRL,2003,541.0
155,Finland,FIN,2003,29019.3104,FIN,PISAMATH,TOT,2003,544.0
156,Finland,FIN,2003,29019.3104,FIN,PISAREAD,BOY,2003,521.0
157,Finland,FIN,2003,29019.3104,FIN,PISAREAD,GIRL,2003,565.0
158,Finland,FIN,2003,29019.3104,FIN,PISAREAD,TOT,2003,543.0
159,France,FRA,2003,28141.4614,FRA,PISAMATH,BOY,2003,515.0
160,France,FRA,2003,28141.4614,FRA,PISAMATH,GIRL,2003,507.0
161,France,FRA,2003,28141.4614,FRA,PISAMATH,TOT,2003,511.0
162,France,FRA,2003,28141.4614,FRA,PISAREAD,BOY,2003,476.0
163,France,FRA,2003,28141.4614,FRA,PISAREAD,GIRL,2003,514.0
164,France,FRA,2003,28141.4614,FRA,PISAREAD,TOT,2003,496.0
165,Greece,GRC,2003,23870.1601,GRC,PISAMATH,BOY,2003,455.0
166,Greece,GRC,2003,23870.1601,GRC,PISAMATH,GIRL,2003,436.0
167,Greece,GRC,2003,23870.1601,GRC,PISAMATH,TOT,2003,445.0
168,Greece,GRC,2003,23870.1601,GRC,PISAREAD,BOY,2003,453.0
169,Greece,GRC,2003,23870.1601,GRC,PISAREAD,GIRL,2003,490.0
170,Greece,GRC,2003,23870.1601,GRC,PISAREAD,TOT,2003,472.0
171,Hungary,HUN,2003,15464.17155,HUN,PISAMATH,BOY,2003,494.0
172,Hungary,HUN,2003,15464.17155,HUN,PISAMATH,GIRL,2003,486.0
173,Hungary,HUN,2003,15464.17155,HUN,PISAMATH,TOT,2003,490.0
174,Hungary,HUN,2003,15464.17155,HUN,PISAREAD,BOY,2003,467.0
175,Hungary,HUN,2003,15464.17155,HUN,PISAREAD,GIRL,2003,498.0
176,Hungary,HUN,2003,15464.17155,HUN,PISAREAD,TOT,2003,482.0
177,Indonesia,IDN,2003,5323.104507,IDN,PISAMATH,BOY,2003,362.0
178,Indonesia,IDN,2003,5323.104507,IDN,PISAMATH,GIRL,2003,358.0
179,Indonesia,IDN,2003,5323.104507,IDN,PISAMATH,TOT,2003,360.0
180,Indonesia,IDN,2003,5323.104507,IDN,PISAREAD,BOY,2003,369.0
181,Indonesia,IDN,2003,5323.104507,IDN,PISAREAD,GIRL,2003,394.0
182,Indonesia,IDN,2003,5323.104507,IDN,PISAREAD,TOT,2003,382.0
183,Ireland,IRL,2003,36237.77128,IRL,PISAMATH,BOY,2003,510.0
184,Ireland,IRL,2003,36237.77128,IRL,PISAMATH,GIRL,2003,495.0
185,Ireland,IRL,2003,36237.77128,IRL,PISAMATH,TOT,2003,503.0
186,Ireland,IRL,2003,36237.77128,IRL,PISAREAD,BOY,2003,501.0
187,Ireland,IRL,2003,36237.77128,IRL,PISAREAD,GIRL,2003,530.0
188,Ireland,IRL,2003,36237.77128,IRL,PISAREAD,TOT,2003,515.0
189,Iceland,ISL,2003,32619.35874,ISL,PISAMATH,BOY,2003,508.0
190,Iceland,ISL,2003,32619.35874,ISL,PISAMATH,GIRL,2003,523.0
191,Iceland,ISL,2003,32619.35874,ISL,PISAMATH,TOT,2003,515.0
192,Iceland,ISL,2003,32619.35874,ISL,PISAREAD,BOY,2003,464.0
193,Iceland,ISL,2003,32619.35874,ISL,PISAREAD,GIRL,2003,522.0
194,Iceland,ISL,2003,32619.35874,ISL,PISAREAD,TOT,2003,492.0
195,Italy,ITA,2003,29164.59527,ITA,PISAMATH,BOY,2003,475.0
196,Italy,ITA,2003,29164.59527,ITA,PISAMATH,GIRL,2003,457.0
197,Italy,ITA,2003,29164.59527,ITA,PISAMATH,TOT,2003,466.0
198,Italy,ITA,2003,29164.59527,ITA,PISAREAD,BOY,2003,455.0
199,Italy,ITA,2003,29164.59527,ITA,PISAREAD,GIRL,2003,495.0
200,Italy,ITA,2003,29164.59527,ITA,PISAREAD,TOT,2003,476.0
201,Japan,JPN,2003,28924.68216,JPN,PISAMATH,BOY,2003,539.0
202,Japan,JPN,2003,28924.68216,JPN,PISAMATH,GIRL,2003,530.0
203,Japan,JPN,2003,28924.68216,JPN,PISAMATH,TOT,2003,534.0
204,Japan,JPN,2003,28924.68216,JPN,PISAREAD,BOY,2003,487.0
205,Japan,JPN,2003,28924.68216,JPN,PISAREAD,GIRL,2003,509.0
206,Japan,JPN,2003,28924.68216,JPN,PISAREAD,TOT,2003,498.0
207,"Korea, Rep.",KOR,2003,21376.76617,KOR,PISAMATH,BOY,2003,552.0
208,"Korea, Rep.",KOR,2003,21376.76617,KOR,PISAMATH,GIRL,2003,528.0
209,"Korea, Rep.",KOR,2003,21376.76617,KOR,PISAMATH,TOT,2003,542.0
210,"Korea, Rep.",KOR,2003,21376.76617,KOR,PISAREAD,BOY,2003,525.0
211,"Korea, Rep.",KOR,2003,21376.76617,KOR,PISAREAD,GIRL,2003,547.0
212,"Korea, Rep.",KOR,2003,21376.76617,KOR,PISAREAD,TOT,2003,534.0
213,Luxembourg,LUX,2003,60039.29874,LUX,PISAMATH,BOY,2003,502.0
214,Luxembourg,LUX,2003,60039.29874,LUX,PISAMATH,GIRL,2003,485.0
215,Luxembourg,LUX,2003,60039.29874,LUX,PISAMATH,TOT,2003,493.0
216,Luxembourg,LUX,2003,60039.29874,LUX,PISAREAD,BOY,2003,463.0
217,Luxembourg,LUX,2003,60039.29874,LUX,PISAREAD,GIRL,2003,496.0
218,Luxembourg,LUX,2003,60039.29874,LUX,PISAREAD,TOT,2003,479.0
219,Latvia,LVA,2003,11010.88527,LVA,PISAMATH,TOT,2003,483.0
220,Latvia,LVA,2003,11010.88527,LVA,PISAREAD,TOT,2003,491.0
221,Mexico,MEX,2003,11482.44959,MEX,PISAMATH,BOY,2003,391.0
222,Mexico,MEX,2003,11482.44959,MEX,PISAMATH,GIRL,2003,380.0
223,Mexico,MEX,2003,11482.44959,MEX,PISAMATH,TOT,2003,385.0
224,Mexico,MEX,2003,11482.44959,MEX,PISAREAD,BOY,2003,389.0
225,Mexico,MEX,2003,11482.44959,MEX,PISAREAD,GIRL,2003,410.0
226,Mexico,MEX,2003,11482.44959,MEX,PISAREAD,TOT,2003,400.0
227,Netherlands,NLD,2003,34111.80335,NLD,PISAMATH,BOY,2003,540.0
228,Netherlands,NLD,2003,34111.80335,NLD,PISAMATH,GIRL,2003,535.0
229,Netherlands,NLD,2003,34111.80335,NLD,PISAMATH,TOT,2003,538.0
230,Netherlands,NLD,2003,34111.80335,NLD,PISAREAD,BOY,2003,503.0
231,Netherlands,NLD,2003,34111.80335,NLD,PISAREAD,GIRL,2003,524.0
232,Netherlands,NLD,2003,34111.80335,NLD,PISAREAD,TOT,2003,513.0
233,Norway,NOR,2003,38550.95539,NOR,PISAMATH,BOY,2003,498.0
234,Norway,NOR,2003,38550.95539,NOR,PISAMATH,GIRL,2003,492.0
235,Norway,NOR,2003,38550.95539,NOR,PISAMATH,TOT,2003,495.0
236,Norway,NOR,2003,38550.95539,NOR,PISAREAD,BOY,2003,475.0
237,Norway,NOR,2003,38550.95539,NOR,PISAREAD,GIRL,2003,525.0
238,Norway,NOR,2003,38550.95539,NOR,PISAREAD,TOT,2003,500.0
239,New Zealand,NZL,2003,23967.42075,NZL,PISAMATH,BOY,2003,531.0
240,New Zealand,NZL,2003,23967.42075,NZL,PISAMATH,GIRL,2003,516.0
241,New Zealand,NZL,2003,23967.42075,NZL,PISAMATH,TOT,2003,523.0
242,New Zealand,NZL,2003,23967.42075,NZL,PISAREAD,BOY,2003,508.0
243,New Zealand,NZL,2003,23967.42075,NZL,PISAREAD,GIRL,2003,535.0
244,New Zealand,NZL,2003,23967.42075,NZL,PISAREAD,TOT,2003,522.0
245,Poland,POL,2003,12257.14487,POL,PISAMATH,BOY,2003,493.0
246,Poland,POL,2003,12257.14487,POL,PISAMATH,GIRL,2003,487.0
247,Poland,POL,2003,12257.14487,POL,PISAMATH,TOT,2003,490.0
248,Poland,POL,2003,12257.14487,POL,PISAREAD,BOY,2003,477.0
249,Poland,POL,2003,12257.14487,POL,PISAREAD,GIRL,2003,516.0
250,Poland,POL,2003,12257.14487,POL,PISAREAD,TOT,2003,497.0
251,Portugal,PRT,2003,20827.98424,PRT,PISAMATH,BOY,2003,472.0
252,Portugal,PRT,2003,20827.98424,PRT,PISAMATH,GIRL,2003,460.0
253,Portugal,PRT,2003,20827.98424,PRT,PISAMATH,TOT,2003,466.0
254,Portugal,PRT,2003,20827.98424,PRT,PISAREAD,BOY,2003,459.0
255,Portugal,PRT,2003,20827.98424,PRT,PISAREAD,GIRL,2003,495.0
256,Portugal,PRT,2003,20827.98424,PRT,PISAREAD,TOT,2003,478.0
257,Russian Federation,RUS,2003,9254.560297,RUS,PISAMATH,BOY,2003,473.0
258,Russian Federation,RUS,2003,9254.560297,RUS,PISAMATH,GIRL,2003,463.0
259,Russian Federation,RUS,2003,9254.560297,RUS,PISAMATH,TOT,2003,468.0
260,Russian Federation,RUS,2003,9254.560297,RUS,PISAREAD,BOY,2003,428.0
261,Russian Federation,RUS,2003,9254.560297,RUS,PISAREAD,GIRL,2003,456.0
262,Russian Federation,RUS,2003,9254.560297,RUS,PISAREAD,TOT,2003,442.0
263,Slovak Republic,SVK,2003,14165.4041,SVK,PISAMATH,BOY,2003,507.0
264,Slovak Republic,SVK,2003,14165.4041,SVK,PISAMATH,GIRL,2003,489.0
265,Slovak Republic,SVK,2003,14165.4041,SVK,PISAMATH,TOT,2003,498.0
266,Slovak Republic,SVK,2003,14165.4041,SVK,PISAREAD,BOY,2003,453.0
267,Slovak Republic,SVK,2003,14165.4041,SVK,PISAREAD,GIRL,2003,486.0
268,Slovak Republic,SVK,2003,14165.4041,SVK,PISAREAD,TOT,2003,469.0
269,Sweden,SWE,2003,31583.04807,SWE,PISAMATH,BOY,2003,512.0
270,Sweden,SWE,2003,31583.04807,SWE,PISAMATH,GIRL,2003,506.0
271,Sweden,SWE,2003,31583.04807,SWE,PISAMATH,TOT,2003,509.0
272,Sweden,SWE,2003,31583.04807,SWE,PISAREAD,BOY,2003,496.0
273,Sweden,SWE,2003,31583.04807,SWE,PISAREAD,GIRL,2003,533.0
274,Sweden,SWE,2003,31583.04807,SWE,PISAREAD,TOT,2003,514.0
275,Turkey,TUR,2003,9603.880437,TUR,PISAMATH,BOY,2003,430.0
276,Turkey,TUR,2003,9603.880437,TUR,PISAMATH,GIRL,2003,415.0
277,Turkey,TUR,2003,9603.880437,TUR,PISAMATH,TOT,2003,423.0
278,Turkey,TUR,2003,9603.880437,TUR,PISAREAD,BOY,2003,426.0
279,Turkey,TUR,2003,9603.880437,TUR,PISAREAD,GIRL,2003,459.0
280,Turkey,TUR,2003,9603.880437,TUR,PISAREAD,TOT,2003,441.0
281,United States,USA,2003,39496.48588,USA,PISAMATH,BOY,2003,486.0
282,United States,USA,2003,39496.48588,USA,PISAMATH,GIRL,2003,480.0
283,United States,USA,2003,39496.48588,USA,PISAMATH,TOT,2003,483.0
284,United States,USA,2003,39496.48588,USA,PISAREAD,BOY,2003,479.0
285,United States,USA,2003,39496.48588,USA,PISAREAD,GIRL,2003,511.0
286,United States,USA,2003,39496.48588,USA,PISAREAD,TOT,2003,495.0
287,Australia,AUS,2006,34306.65231,AUS,PISAMATH,BOY,2006,527.0
288,Australia,AUS,2006,34306.65231,AUS,PISAMATH,GIRL,2006,513.0
289,Australia,AUS,2006,34306.65231,AUS,PISAMATH,TOT,2006,520.0
290,Australia,AUS,2006,34306.65231,AUS,PISAREAD,BOY,2006,495.0
291,Australia,AUS,2006,34306.65231,AUS,PISAREAD,GIRL,2006,532.0
292,Australia,AUS,2006,34306.65231,AUS,PISAREAD,TOT,2006,513.0
293,Australia,AUS,2006,34306.65231,AUS,PISASCIENCE,BOY,2006,527.0
294,Australia,AUS,2006,34306.65231,AUS,PISASCIENCE,GIRL,2006,527.0
295,Australia,AUS,2006,34306.65231,AUS,PISASCIENCE,TOT,2006,527.0
296,Austria,AUT,2006,37623.07576,AUT,PISAMATH,BOY,2006,517.0
297,Austria,AUT,2006,37623.07576,AUT,PISAMATH,GIRL,2006,494.0
298,Austria,AUT,2006,37623.07576,AUT,PISAMATH,TOT,2006,505.0
299,Austria,AUT,2006,37623.07576,AUT,PISAREAD,BOY,2006,468.0
300,Austria,AUT,2006,37623.07576,AUT,PISAREAD,GIRL,2006,513.0
301,Austria,AUT,2006,37623.07576,AUT,PISAREAD,TOT,2006,490.0
302,Austria,AUT,2006,37623.07576,AUT,PISASCIENCE,BOY,2006,515.0
303,Austria,AUT,2006,37623.07576,AUT,PISASCIENCE,GIRL,2006,507.0
304,Austria,AUT,2006,37623.07576,AUT,PISASCIENCE,TOT,2006,511.0
305,Belgium,BEL,2006,35222.60515,BEL,PISAMATH,BOY,2006,524.0
306,Belgium,BEL,2006,35222.60515,BEL,PISAMATH,GIRL,2006,517.0
307,Belgium,BEL,2006,35222.60515,BEL,PISAMATH,TOT,2006,520.0
308,Belgium,BEL,2006,35222.60515,BEL,PISAREAD,BOY,2006,482.0
309,Belgium,BEL,2006,35222.60515,BEL,PISAREAD,GIRL,2006,522.0
310,Belgium,BEL,2006,35222.60515,BEL,PISAREAD,TOT,2006,501.0
311,Belgium,BEL,2006,35222.60515,BEL,PISASCIENCE,BOY,2006,511.0
312,Belgium,BEL,2006,35222.60515,BEL,PISASCIENCE,GIRL,2006,510.0
313,Belgium,BEL,2006,35222.60515,BEL,PISASCIENCE,TOT,2006,510.0
314,Brazil,BRA,2006,11659.39278,BRA,PISAMATH,BOY,2006,380.0
315,Brazil,BRA,2006,11659.39278,BRA,PISAMATH,GIRL,2006,361.0
316,Brazil,BRA,2006,11659.39278,BRA,PISAMATH,TOT,2006,370.0
317,Brazil,BRA,2006,11659.39278,BRA,PISAREAD,BOY,2006,376.0
318,Brazil,BRA,2006,11659.39278,BRA,PISAREAD,GIRL,2006,408.0
319,Brazil,BRA,2006,11659.39278,BRA,PISAREAD,TOT,2006,393.0
320,Brazil,BRA,2006,11659.39278,BRA,PISASCIENCE,BOY,2006,395.0
321,Brazil,BRA,2006,11659.39278,BRA,PISASCIENCE,GIRL,2006,386.0
322,Brazil,BRA,2006,11659.39278,BRA,PISASCIENCE,TOT,2006,390.0
323,Canada,CAN,2006,37999.0386,CAN,PISAMATH,BOY,2006,534.0
324,Canada,CAN,2006,37999.0386,CAN,PISAMATH,GIRL,2006,520.0
325,Canada,CAN,2006,37999.0386,CAN,PISAMATH,TOT,2006,527.0
326,Canada,CAN,2006,37999.0386,CAN,PISAREAD,BOY,2006,511.0
327,Canada,CAN,2006,37999.0386,CAN,PISAREAD,GIRL,2006,543.0
328,Canada,CAN,2006,37999.0386,CAN,PISAREAD,TOT,2006,527.0
329,Canada,CAN,2006,37999.0386,CAN,PISASCIENCE,BOY,2006,536.0
330,Canada,CAN,2006,37999.0386,CAN,PISASCIENCE,GIRL,2006,532.0
331,Canada,CAN,2006,37999.0386,CAN,PISASCIENCE,TOT,2006,534.0
332,Switzerland,CHE,2006,45106.41668,CHE,PISAMATH,BOY,2006,536.0
333,Switzerland,CHE,2006,45106.41668,CHE,PISAMATH,GIRL,2006,523.0
334,Switzerland,CHE,2006,45106.41668,CHE,PISAMATH,TOT,2006,530.0
335,Switzerland,CHE,2006,45106.41668,CHE,PISAREAD,BOY,2006,484.0
336,Switzerland,CHE,2006,45106.41668,CHE,PISAREAD,GIRL,2006,515.0
337,Switzerland,CHE,2006,45106.41668,CHE,PISAREAD,TOT,2006,499.0
338,Switzerland,CHE,2006,45106.41668,CHE,PISASCIENCE,BOY,2006,514.0
339,Switzerland,CHE,2006,45106.41668,CHE,PISASCIENCE,GIRL,2006,509.0
340,Switzerland,CHE,2006,45106.41668,CHE,PISASCIENCE,TOT,2006,512.0
341,Chile,CHL,2006,15753.96299,CHL,PISAMATH,BOY,2006,424.0
342,Chile,CHL,2006,15753.96299,CHL,PISAMATH,GIRL,2006,396.0
343,Chile,CHL,2006,15753.96299,CHL,PISAMATH,TOT,2006,411.0
344,Chile,CHL,2006,15753.96299,CHL,PISAREAD,BOY,2006,434.0
345,Chile,CHL,2006,15753.96299,CHL,PISAREAD,GIRL,2006,451.0
346,Chile,CHL,2006,15753.96299,CHL,PISAREAD,TOT,2006,442.0
347,Chile,CHL,2006,15753.96299,CHL,PISASCIENCE,BOY,2006,448.0
348,Chile,CHL,2006,15753.96299,CHL,PISASCIENCE,GIRL,2006,426.0
349,Chile,CHL,2006,15753.96299,CHL,PISASCIENCE,TOT,2006,438.0
350,Czech Republic,CZE,2006,23776.48706,CZE,PISAMATH,BOY,2006,514.0
351,Czech Republic,CZE,2006,23776.48706,CZE,PISAMATH,GIRL,2006,504.0
352,Czech Republic,CZE,2006,23776.48706,CZE,PISAMATH,TOT,2006,510.0
353,Czech Republic,CZE,2006,23776.48706,CZE,PISAREAD,BOY,2006,463.0
354,Czech Republic,CZE,2006,23776.48706,CZE,PISAREAD,GIRL,2006,509.0
355,Czech Republic,CZE,2006,23776.48706,CZE,PISAREAD,TOT,2006,483.0
356,Czech Republic,CZE,2006,23776.48706,CZE,PISASCIENCE,BOY,2006,515.0
357,Czech Republic,CZE,2006,23776.48706,CZE,PISASCIENCE,GIRL,2006,510.0
358,Czech Republic,CZE,2006,23776.48706,CZE,PISASCIENCE,TOT,2006,513.0
359,Germany,DEU,2006,34124.87427,DEU,PISAMATH,BOY,2006,513.0
360,Germany,DEU,2006,34124.87427,DEU,PISAMATH,GIRL,2006,494.0
361,Germany,DEU,2006,34124.87427,DEU,PISAMATH,TOT,2006,504.0
362,Germany,DEU,2006,34124.87427,DEU,PISAREAD,BOY,2006,475.0
363,Germany,DEU,2006,34124.87427,DEU,PISAREAD,GIRL,2006,517.0
364,Germany,DEU,2006,34124.87427,DEU,PISAREAD,TOT,2006,495.0
365,Germany,DEU,2006,34124.87427,DEU,PISASCIENCE,BOY,2006,519.0
366,Germany,DEU,2006,34124.87427,DEU,PISASCIENCE,GIRL,2006,512.0
367,Germany,DEU,2006,34124.87427,DEU,PISASCIENCE,TOT,2006,516.0
368,Denmark,DNK,2006,37295.65935,DNK,PISAMATH,BOY,2006,518.0
369,Denmark,DNK,2006,37295.65935,DNK,PISAMATH,GIRL,2006,508.0
370,Denmark,DNK,2006,37295.65935,DNK,PISAMATH,TOT,2006,513.0
371,Denmark,DNK,2006,37295.65935,DNK,PISAREAD,BOY,2006,480.0
372,Denmark,DNK,2006,37295.65935,DNK,PISAREAD,GIRL,2006,509.0
373,Denmark,DNK,2006,37295.65935,DNK,PISAREAD,TOT,2006,494.0
374,Denmark,DNK,2006,37295.65935,DNK,PISASCIENCE,BOY,2006,500.0
375,Denmark,DNK,2006,37295.65935,DNK,PISASCIENCE,GIRL,2006,491.0
376,Denmark,DNK,2006,37295.65935,DNK,PISASCIENCE,TOT,2006,496.0
377,Spain,ESP,2006,30688.36622,ESP,PISAMATH,BOY,2006,484.0
378,Spain,ESP,2006,30688.36622,ESP,PISAMATH,GIRL,2006,476.0
379,Spain,ESP,2006,30688.36622,ESP,PISAMATH,TOT,2006,480.0
380,Spain,ESP,2006,30688.36622,ESP,PISAREAD,BOY,2006,443.0
381,Spain,ESP,2006,30688.36622,ESP,PISAREAD,GIRL,2006,479.0
382,Spain,ESP,2006,30688.36622,ESP,PISAREAD,TOT,2006,461.0
383,Spain,ESP,2006,30688.36622,ESP,PISASCIENCE,BOY,2006,491.0
384,Spain,ESP,2006,30688.36622,ESP,PISASCIENCE,GIRL,2006,486.0
385,Spain,ESP,2006,30688.36622,ESP,PISASCIENCE,TOT,2006,488.0
386,Estonia,EST,2006,19313.26424,EST,PISAMATH,BOY,2006,515.0
387,Estonia,EST,2006,19313.26424,EST,PISAMATH,GIRL,2006,514.0
388,Estonia,EST,2006,19313.26424,EST,PISAMATH,TOT,2006,515.0
389,Estonia,EST,2006,19313.26424,EST,PISAREAD,BOY,2006,478.0
390,Estonia,EST,2006,19313.26424,EST,PISAREAD,GIRL,2006,524.0
391,Estonia,EST,2006,19313.26424,EST,PISAREAD,TOT,2006,501.0
392,Estonia,EST,2006,19313.26424,EST,PISASCIENCE,BOY,2006,530.0
393,Estonia,EST,2006,19313.26424,EST,PISASCIENCE,GIRL,2006,533.0
394,Estonia,EST,2006,19313.26424,EST,PISASCIENCE,TOT,2006,531.0
395,Finland,FIN,2006,34419.38065,FIN,PISAMATH,BOY,2006,554.0
396,Finland,FIN,2006,34419.38065,FIN,PISAMATH,GIRL,2006,543.0
397,Finland,FIN,2006,34419.38065,FIN,PISAMATH,TOT,2006,548.0
398,Finland,FIN,2006,34419.38065,FIN,PISAREAD,BOY,2006,521.0
399,Finland,FIN,2006,34419.38065,FIN,PISAREAD,GIRL,2006,572.0
400,Finland,FIN,2006,34419.38065,FIN,PISAREAD,TOT,2006,547.0
401,Finland,FIN,2006,34419.38065,FIN,PISASCIENCE,BOY,2006,562.0
402,Finland,FIN,2006,34419.38065,FIN,PISASCIENCE,GIRL,2006,565.0
403,Finland,FIN,2006,34419.38065,FIN,PISASCIENCE,TOT,2006,563.0
404,France,FRA,2006,32434.86026,FRA,PISAMATH,BOY,2006,499.0
405,France,FRA,2006,32434.86026,FRA,PISAMATH,GIRL,2006,492.0
406,France,FRA,2006,32434.86026,FRA,PISAMATH,TOT,2006,496.0
407,France,FRA,2006,32434.86026,FRA,PISAREAD,BOY,2006,470.0
408,France,FRA,2006,32434.86026,FRA,PISAREAD,GIRL,2006,505.0
409,France,FRA,2006,32434.86026,FRA,PISAREAD,TOT,2006,488.0
410,France,FRA,2006,32434.86026,FRA,PISASCIENCE,BOY,2006,497.0
411,France,FRA,2006,32434.86026,FRA,PISASCIENCE,GIRL,2006,494.0
412,France,FRA,2006,32434.86026,FRA,PISASCIENCE,TOT,2006,495.0
413,United Kingdom,GBR,2006,34767.00114,GBR,PISAMATH,BOY,2006,504.0
414,United Kingdom,GBR,2006,34767.00114,GBR,PISAMATH,GIRL,2006,487.0
415,United Kingdom,GBR,2006,34767.00114,GBR,PISAMATH,TOT,2006,495.0
416,United Kingdom,GBR,2006,34767.00114,GBR,PISAREAD,BOY,2006,480.0
417,United Kingdom,GBR,2006,34767.00114,GBR,PISAREAD,GIRL,2006,510.0
418,United Kingdom,GBR,2006,34767.00114,GBR,PISAREAD,TOT,2006,495.0
419,United Kingdom,GBR,2006,34767.00114,GBR,PISASCIENCE,BOY,2006,520.0
420,United Kingdom,GBR,2006,34767.00114,GBR,PISASCIENCE,GIRL,2006,510.0
421,United Kingdom,GBR,2006,34767.00114,GBR,PISASCIENCE,TOT,2006,515.0
422,Greece,GRC,2006,28519.53894,GRC,PISAMATH,BOY,2006,462.0
423,Greece,GRC,2006,28519.53894,GRC,PISAMATH,GIRL,2006,457.0
424,Greece,GRC,2006,28519.53894,GRC,PISAMATH,TOT,2006,459.0
425,Greece,GRC,2006,28519.53894,GRC,PISAREAD,BOY,2006,432.0
426,Greece,GRC,2006,28519.53894,GRC,PISAREAD,GIRL,2006,488.0
427,Greece,GRC,2006,28519.53894,GRC,PISAREAD,TOT,2006,460.0
428,Greece,GRC,2006,28519.53894,GRC,PISASCIENCE,BOY,2006,468.0
429,Greece,GRC,2006,28519.53894,GRC,PISASCIENCE,GIRL,2006,479.0
430,Greece,GRC,2006,28519.53894,GRC,PISASCIENCE,TOT,2006,473.0
431,Hungary,HUN,2006,18342.71523,HUN,PISAMATH,BOY,2006,496.0
432,Hungary,HUN,2006,18342.71523,HUN,PISAMATH,GIRL,2006,486.0
433,Hungary,HUN,2006,18342.71523,HUN,PISAMATH,TOT,2006,491.0
434,Hungary,HUN,2006,18342.71523,HUN,PISAREAD,BOY,2006,463.0
435,Hungary,HUN,2006,18342.71523,HUN,PISAREAD,GIRL,2006,503.0
436,Hungary,HUN,2006,18342.71523,HUN,PISAREAD,TOT,2006,482.0
437,Hungary,HUN,2006,18342.71523,HUN,PISASCIENCE,BOY,2006,507.0
438,Hungary,HUN,2006,18342.71523,HUN,PISASCIENCE,GIRL,2006,501.0
439,Hungary,HUN,2006,18342.71523,HUN,PISASCIENCE,TOT,2006,504.0
440,Indonesia,IDN,2006,6534.07551,IDN,PISAMATH,BOY,2006,399.0
441,Indonesia,IDN,2006,6534.07551,IDN,PISAMATH,GIRL,2006,382.0
442,Indonesia,IDN,2006,6534.07551,IDN,PISAMATH,TOT,2006,391.0
443,Indonesia,IDN,2006,6534.07551,IDN,PISAREAD,BOY,2006,384.0
444,Indonesia,IDN,2006,6534.07551,IDN,PISAREAD,GIRL,2006,402.0
445,Indonesia,IDN,2006,6534.07551,IDN,PISAREAD,TOT,2006,393.0
446,Indonesia,IDN,2006,6534.07551,IDN,PISASCIENCE,BOY,2006,399.0
447,Indonesia,IDN,2006,6534.07551,IDN,PISASCIENCE,GIRL,2006,387.0
448,Indonesia,IDN,2006,6534.07551,IDN,PISASCIENCE,TOT,2006,393.0
449,Ireland,IRL,2006,44204.9969,IRL,PISAMATH,BOY,2006,507.0
450,Ireland,IRL,2006,44204.9969,IRL,PISAMATH,GIRL,2006,496.0
451,Ireland,IRL,2006,44204.9969,IRL,PISAMATH,TOT,2006,501.0
452,Ireland,IRL,2006,44204.9969,IRL,PISAREAD,BOY,2006,500.0
453,Ireland,IRL,2006,44204.9969,IRL,PISAREAD,GIRL,2006,534.0
454,Ireland,IRL,2006,44204.9969,IRL,PISAREAD,TOT,2006,517.0
455,Ireland,IRL,2006,44204.9969,IRL,PISASCIENCE,BOY,2006,508.0
456,Ireland,IRL,2006,44204.9969,IRL,PISASCIENCE,GIRL,2006,509.0
457,Ireland,IRL,2006,44204.9969,IRL,PISASCIENCE,TOT,2006,508.0
458,Iceland,ISL,2006,39093.95196,ISL,PISAMATH,BOY,2006,503.0
459,Iceland,ISL,2006,39093.95196,ISL,PISAMATH,GIRL,2006,508.0
460,Iceland,ISL,2006,39093.95196,ISL,PISAMATH,TOT,2006,506.0
461,Iceland,ISL,2006,39093.95196,ISL,PISAREAD,BOY,2006,460.0
462,Iceland,ISL,2006,39093.95196,ISL,PISAREAD,GIRL,2006,509.0
463,Iceland,ISL,2006,39093.95196,ISL,PISAREAD,TOT,2006,484.0
464,Iceland,ISL,2006,39093.95196,ISL,PISASCIENCE,BOY,2006,488.0
465,Iceland,ISL,2006,39093.95196,ISL,PISASCIENCE,GIRL,2006,494.0
466,Iceland,ISL,2006,39093.95196,ISL,PISASCIENCE,TOT,2006,491.0
467,Israel,ISR,2006,25678.71429,ISR,PISAMATH,BOY,2006,448.0
468,Israel,ISR,2006,25678.71429,ISR,PISAMATH,GIRL,2006,436.0
469,Israel,ISR,2006,25678.71429,ISR,PISAMATH,TOT,2006,442.0
470,Israel,ISR,2006,25678.71429,ISR,PISAREAD,BOY,2006,417.0
471,Israel,ISR,2006,25678.71429,ISR,PISAREAD,GIRL,2006,460.0
472,Israel,ISR,2006,25678.71429,ISR,PISAREAD,TOT,2006,439.0
473,Israel,ISR,2006,25678.71429,ISR,PISASCIENCE,BOY,2006,456.0
474,Israel,ISR,2006,25678.71429,ISR,PISASCIENCE,GIRL,2006,452.0
475,Israel,ISR,2006,25678.71429,ISR,PISASCIENCE,TOT,2006,454.0
476,Italy,ITA,2006,32419.93615,ITA,PISAMATH,BOY,2006,470.0
477,Italy,ITA,2006,32419.93615,ITA,PISAMATH,GIRL,2006,453.0
478,Italy,ITA,2006,32419.93615,ITA,PISAMATH,TOT,2006,462.0
479,Italy,ITA,2006,32419.93615,ITA,PISAREAD,BOY,2006,448.0
480,Italy,ITA,2006,32419.93615,ITA,PISAREAD,GIRL,2006,489.0
481,Italy,ITA,2006,32419.93615,ITA,PISAREAD,TOT,2006,469.0
482,Italy,ITA,2006,32419.93615,ITA,PISASCIENCE,BOY,2006,477.0
483,Italy,ITA,2006,32419.93615,ITA,PISASCIENCE,GIRL,2006,474.0
484,Italy,ITA,2006,32419.93615,ITA,PISASCIENCE,TOT,2006,475.0
485,Japan,JPN,2006,33090.19626,JPN,PISAMATH,BOY,2006,533.0
486,Japan,JPN,2006,33090.19626,JPN,PISAMATH,GIRL,2006,513.0
487,Japan,JPN,2006,33090.19626,JPN,PISAMATH,TOT,2006,523.0
488,Japan,JPN,2006,33090.19626,JPN,PISAREAD,BOY,2006,483.0
489,Japan,JPN,2006,33090.19626,JPN,PISAREAD,GIRL,2006,513.0
490,Japan,JPN,2006,33090.19626,JPN,PISAREAD,TOT,2006,498.0
491,Japan,JPN,2006,33090.19626,JPN,PISASCIENCE,BOY,2006,533.0
492,Japan,JPN,2006,33090.19626,JPN,PISASCIENCE,GIRL,2006,530.0
493,Japan,JPN,2006,33090.19626,JPN,PISASCIENCE,TOT,2006,531.0
494,"Korea, Rep.",KOR,2006,25820.97163,KOR,PISAMATH,BOY,2006,552.0
495,"Korea, Rep.",KOR,2006,25820.97163,KOR,PISAMATH,GIRL,2006,543.0
496,"Korea, Rep.",KOR,2006,25820.97163,KOR,PISAMATH,TOT,2006,547.0
497,"Korea, Rep.",KOR,2006,25820.97163,KOR,PISAREAD,BOY,2006,539.0
498,"Korea, Rep.",KOR,2006,25820.97163,KOR,PISAREAD,GIRL,2006,574.0
499,"Korea, Rep.",KOR,2006,25820.97163,KOR,PISAREAD,TOT,2006,556.0
500,"Korea, Rep.",KOR,2006,25820.97163,KOR,PISASCIENCE,BOY,2006,521.0
501,"Korea, Rep.",KOR,2006,25820.97163,KOR,PISASCIENCE,GIRL,2006,523.0
502,"Korea, Rep.",KOR,2006,25820.97163,KOR,PISASCIENCE,TOT,2006,522.0
503,Luxembourg,LUX,2006,77951.36474,LUX,PISAMATH,BOY,2006,498.0
504,Luxembourg,LUX,2006,77951.36474,LUX,PISAMATH,GIRL,2006,482.0
505,Luxembourg,LUX,2006,77951.36474,LUX,PISAMATH,TOT,2006,490.0
506,Luxembourg,LUX,2006,77951.36474,LUX,PISAREAD,BOY,2006,464.0
507,Luxembourg,LUX,2006,77951.36474,LUX,PISAREAD,GIRL,2006,495.0
508,Luxembourg,LUX,2006,77951.36474,LUX,PISAREAD,TOT,2006,479.0
509,Luxembourg,LUX,2006,77951.36474,LUX,PISASCIENCE,BOY,2006,491.0
510,Luxembourg,LUX,2006,77951.36474,LUX,PISASCIENCE,GIRL,2006,482.0
511,Luxembourg,LUX,2006,77951.36474,LUX,PISASCIENCE,TOT,2006,486.0
512,Latvia,LVA,2006,15745.10313,LVA,PISAMATH,TOT,2006,486.0
513,Latvia,LVA,2006,15745.10313,LVA,PISAREAD,TOT,2006,479.0
514,Latvia,LVA,2006,15745.10313,LVA,PISASCIENCE,TOT,2006,490.0
515,Mexico,MEX,2006,13808.17762,MEX,PISAMATH,BOY,2006,410.0
516,Mexico,MEX,2006,13808.17762,MEX,PISAMATH,GIRL,2006,401.0
517,Mexico,MEX,2006,13808.17762,MEX,PISAMATH,TOT,2006,406.0
518,Mexico,MEX,2006,13808.17762,MEX,PISAREAD,BOY,2006,393.0
519,Mexico,MEX,2006,13808.17762,MEX,PISAREAD,GIRL,2006,427.0
520,Mexico,MEX,2006,13808.17762,MEX,PISAREAD,TOT,2006,410.0
521,Mexico,MEX,2006,13808.17762,MEX,PISASCIENCE,BOY,2006,413.0
522,Mexico,MEX,2006,13808.17762,MEX,PISASCIENCE,GIRL,2006,406.0
523,Mexico,MEX,2006,13808.17762,MEX,PISASCIENCE,TOT,2006,410.0
524,Netherlands,NLD,2006,40971.26076,NLD,PISAMATH,BOY,2006,537.0
525,Netherlands,NLD,2006,40971.26076,NLD,PISAMATH,GIRL,2006,524.0
526,Netherlands,NLD,2006,40971.26076,NLD,PISAMATH,TOT,2006,531.0
527,Netherlands,NLD,2006,40971.26076,NLD,PISAREAD,BOY,2006,495.0
528,Netherlands,NLD,2006,40971.26076,NLD,PISAREAD,GIRL,2006,519.0
529,Netherlands,NLD,2006,40971.26076,NLD,PISAREAD,TOT,2006,507.0
530,Netherlands,NLD,2006,40971.26076,NLD,PISASCIENCE,BOY,2006,528.0
531,Netherlands,NLD,2006,40971.26076,NLD,PISASCIENCE,GIRL,2006,521.0
532,Netherlands,NLD,2006,40971.26076,NLD,PISASCIENCE,TOT,2006,525.0
533,Norway,NOR,2006,54104.28927,NOR,PISAMATH,BOY,2006,493.0
534,Norway,NOR,2006,54104.28927,NOR,PISAMATH,GIRL,2006,487.0
535,Norway,NOR,2006,54104.28927,NOR,PISAMATH,TOT,2006,490.0
536,Norway,NOR,2006,54104.28927,NOR,PISAREAD,BOY,2006,462.0
537,Norway,NOR,2006,54104.28927,NOR,PISAREAD,GIRL,2006,508.0
538,Norway,NOR,2006,54104.28927,NOR,PISAREAD,TOT,2006,484.0
539,Norway,NOR,2006,54104.28927,NOR,PISASCIENCE,BOY,2006,484.0
540,Norway,NOR,2006,54104.28927,NOR,PISASCIENCE,GIRL,2006,489.0
541,Norway,NOR,2006,54104.28927,NOR,PISASCIENCE,TOT,2006,487.0
542,New Zealand,NZL,2006,27758.16574,NZL,PISAMATH,BOY,2006,527.0
543,New Zealand,NZL,2006,27758.16574,NZL,PISAMATH,GIRL,2006,517.0
544,New Zealand,NZL,2006,27758.16574,NZL,PISAMATH,TOT,2006,522.0
545,New Zealand,NZL,2006,27758.16574,NZL,PISAREAD,BOY,2006,502.0
546,New Zealand,NZL,2006,27758.16574,NZL,PISAREAD,GIRL,2006,539.0
547,New Zealand,NZL,2006,27758.16574,NZL,PISAREAD,TOT,2006,521.0
548,New Zealand,NZL,2006,27758.16574,NZL,PISASCIENCE,BOY,2006,528.0
549,New Zealand,NZL,2006,27758.16574,NZL,PISASCIENCE,GIRL,2006,532.0
550,New Zealand,NZL,2006,27758.16574,NZL,PISASCIENCE,TOT,2006,530.0
551,Poland,POL,2006,15142.18487,POL,PISAMATH,BOY,2006,500.0
552,Poland,POL,2006,15142.18487,POL,PISAMATH,GIRL,2006,491.0
553,Poland,POL,2006,15142.18487,POL,PISAMATH,TOT,2006,495.0
554,Poland,POL,2006,15142.18487,POL,PISAREAD,BOY,2006,487.0
555,Poland,POL,2006,15142.18487,POL,PISAREAD,GIRL,2006,528.0
556,Poland,POL,2006,15142.18487,POL,PISAREAD,TOT,2006,508.0
557,Poland,POL,2006,15142.18487,POL,PISASCIENCE,BOY,2006,500.0
558,Poland,POL,2006,15142.18487,POL,PISASCIENCE,GIRL,2006,496.0
559,Poland,POL,2006,15142.18487,POL,PISASCIENCE,TOT,2006,498.0
560,Portugal,PRT,2006,24657.10482,PRT,PISAMATH,BOY,2006,474.0
561,Portugal,PRT,2006,24657.10482,PRT,PISAMATH,GIRL,2006,459.0
562,Portugal,PRT,2006,24657.10482,PRT,PISAMATH,TOT,2006,466.0
563,Portugal,PRT,2006,24657.10482,PRT,PISAREAD,BOY,2006,455.0
564,Portugal,PRT,2006,24657.10482,PRT,PISAREAD,GIRL,2006,488.0
565,Portugal,PRT,2006,24657.10482,PRT,PISAREAD,TOT,2006,472.0
566,Portugal,PRT,2006,24657.10482,PRT,PISASCIENCE,BOY,2006,477.0
567,Portugal,PRT,2006,24657.10482,PRT,PISASCIENCE,GIRL,2006,472.0
568,Portugal,PRT,2006,24657.10482,PRT,PISASCIENCE,TOT,2006,474.0
569,Russian Federation,RUS,2006,14912.2453,RUS,PISAMATH,TOT,2006,476.0
570,Russian Federation,RUS,2006,14912.2453,RUS,PISAREAD,TOT,2006,440.0
571,Russian Federation,RUS,2006,14912.2453,RUS,PISASCIENCE,TOT,2006,478.0
572,Slovak Republic,SVK,2006,18894.40435,SVK,PISAMATH,BOY,2006,499.0
573,Slovak Republic,SVK,2006,18894.40435,SVK,PISAMATH,GIRL,2006,485.0
574,Slovak Republic,SVK,2006,18894.40435,SVK,PISAMATH,TOT,2006,492.0
575,Slovak Republic,SVK,2006,18894.40435,SVK,PISAREAD,BOY,2006,446.0
576,Slovak Republic,SVK,2006,18894.40435,SVK,PISAREAD,GIRL,2006,488.0
577,Slovak Republic,SVK,2006,18894.40435,SVK,PISAREAD,TOT,2006,466.0
578,Slovak Republic,SVK,2006,18894.40435,SVK,PISASCIENCE,BOY,2006,491.0
579,Slovak Republic,SVK,2006,18894.40435,SVK,PISASCIENCE,GIRL,2006,485.0
580,Slovak Republic,SVK,2006,18894.40435,SVK,PISASCIENCE,TOT,2006,488.0
581,Slovenia,SVN,2006,25693.73095,SVN,PISAMATH,BOY,2006,507.0
582,Slovenia,SVN,2006,25693.73095,SVN,PISAMATH,GIRL,2006,502.0
583,Slovenia,SVN,2006,25693.73095,SVN,PISAMATH,TOT,2006,504.0
584,Slovenia,SVN,2006,25693.73095,SVN,PISAREAD,BOY,2006,467.0
585,Slovenia,SVN,2006,25693.73095,SVN,PISAREAD,GIRL,2006,521.0
586,Slovenia,SVN,2006,25693.73095,SVN,PISAREAD,TOT,2006,494.0
587,Slovenia,SVN,2006,25693.73095,SVN,PISASCIENCE,BOY,2006,515.0
588,Slovenia,SVN,2006,25693.73095,SVN,PISASCIENCE,GIRL,2006,523.0
589,Slovenia,SVN,2006,25693.73095,SVN,PISASCIENCE,TOT,2006,519.0
590,Sweden,SWE,2006,37435.37573,SWE,PISAMATH,BOY,2006,505.0
591,Sweden,SWE,2006,37435.37573,SWE,PISAMATH,GIRL,2006,500.0
592,Sweden,SWE,2006,37435.37573,SWE,PISAMATH,TOT,2006,502.0
593,Sweden,SWE,2006,37435.37573,SWE,PISAREAD,BOY,2006,488.0
594,Sweden,SWE,2006,37435.37573,SWE,PISAREAD,GIRL,2006,528.0
595,Sweden,SWE,2006,37435.37573,SWE,PISAREAD,TOT,2006,507.0
596,Sweden,SWE,2006,37435.37573,SWE,PISASCIENCE,BOY,2006,504.0
597,Sweden,SWE,2006,37435.37573,SWE,PISASCIENCE,GIRL,2006,503.0
598,Sweden,SWE,2006,37435.37573,SWE,PISASCIENCE,TOT,2006,503.0
599,Turkey,TUR,2006,13621.46548,TUR,PISAMATH,BOY,2006,427.0
600,Turkey,TUR,2006,13621.46548,TUR,PISAMATH,GIRL,2006,421.0
601,Turkey,TUR,2006,13621.46548,TUR,PISAMATH,TOT,2006,424.0
602,Turkey,TUR,2006,13621.46548,TUR,PISAREAD,BOY,2006,427.0
603,Turkey,TUR,2006,13621.46548,TUR,PISAREAD,GIRL,2006,471.0
604,Turkey,TUR,2006,13621.46548,TUR,PISAREAD,TOT,2006,447.0
605,Turkey,TUR,2006,13621.46548,TUR,PISASCIENCE,BOY,2006,418.0
606,Turkey,TUR,2006,13621.46548,TUR,PISASCIENCE,GIRL,2006,430.0
607,Turkey,TUR,2006,13621.46548,TUR,PISASCIENCE,TOT,2006,424.0
608,United States,USA,2006,46298.73144,USA,PISAMATH,BOY,2006,479.0
609,United States,USA,2006,46298.73144,USA,PISAMATH,GIRL,2006,470.0
610,United States,USA,2006,46298.73144,USA,PISAMATH,TOT,2006,474.0
611,United States,USA,2006,46298.73144,USA,PISASCIENCE,BOY,2006,489.0
612,United States,USA,2006,46298.73144,USA,PISASCIENCE,GIRL,2006,489.0
613,United States,USA,2006,46298.73144,USA,PISASCIENCE,TOT,2006,489.0
614,Australia,AUS,2009,40300.30823,AUS,PISAMATH,BOY,2009,519.0
615,Australia,AUS,2009,40300.30823,AUS,PISAMATH,GIRL,2009,509.0
616,Australia,AUS,2009,40300.30823,AUS,PISAMATH,TOT,2009,514.0
617,Australia,AUS,2009,40300.30823,AUS,PISAREAD,BOY,2009,496.0
618,Australia,AUS,2009,40300.30823,AUS,PISAREAD,GIRL,2009,533.0
619,Australia,AUS,2009,40300.30823,AUS,PISAREAD,TOT,2009,515.0
620,Australia,AUS,2009,40300.30823,AUS,PISASCIENCE,BOY,2009,527.0
621,Australia,AUS,2009,40300.30823,AUS,PISASCIENCE,GIRL,2009,528.0
622,Australia,AUS,2009,40300.30823,AUS,PISASCIENCE,TOT,2009,527.0
623,Belgium,BEL,2009,37757.28209,BEL,PISAMATH,BOY,2009,526.0
624,Belgium,BEL,2009,37757.28209,BEL,PISAMATH,GIRL,2009,504.0
625,Belgium,BEL,2009,37757.28209,BEL,PISAMATH,TOT,2009,515.0
626,Belgium,BEL,2009,37757.28209,BEL,PISAREAD,BOY,2009,493.0
627,Belgium,BEL,2009,37757.28209,BEL,PISAREAD,GIRL,2009,520.0
628,Belgium,BEL,2009,37757.28209,BEL,PISAREAD,TOT,2009,506.0
629,Belgium,BEL,2009,37757.28209,BEL,PISASCIENCE,BOY,2009,510.0
630,Belgium,BEL,2009,37757.28209,BEL,PISASCIENCE,GIRL,2009,503.0
631,Belgium,BEL,2009,37757.28209,BEL,PISASCIENCE,TOT,2009,507.0
632,Brazil,BRA,2009,13288.43548,BRA,PISAMATH,BOY,2009,394.0
633,Brazil,BRA,2009,13288.43548,BRA,PISAMATH,GIRL,2009,379.0
634,Brazil,BRA,2009,13288.43548,BRA,PISAMATH,TOT,2009,386.0
635,Brazil,BRA,2009,13288.43548,BRA,PISAREAD,BOY,2009,397.0
636,Brazil,BRA,2009,13288.43548,BRA,PISAREAD,GIRL,2009,425.0
637,Brazil,BRA,2009,13288.43548,BRA,PISAREAD,TOT,2009,412.0
638,Brazil,BRA,2009,13288.43548,BRA,PISASCIENCE,BOY,2009,407.0
639,Brazil,BRA,2009,13288.43548,BRA,PISASCIENCE,GIRL,2009,404.0
640,Brazil,BRA,2009,13288.43548,BRA,PISASCIENCE,TOT,2009,405.0
641,Canada,CAN,2009,38797.38505,CAN,PISAMATH,BOY,2009,533.0
642,Canada,CAN,2009,38797.38505,CAN,PISAMATH,GIRL,2009,521.0
643,Canada,CAN,2009,38797.38505,CAN,PISAMATH,TOT,2009,527.0
644,Canada,CAN,2009,38797.38505,CAN,PISAREAD,BOY,2009,507.0
645,Canada,CAN,2009,38797.38505,CAN,PISAREAD,GIRL,2009,542.0
646,Canada,CAN,2009,38797.38505,CAN,PISAREAD,TOT,2009,524.0
647,Canada,CAN,2009,38797.38505,CAN,PISASCIENCE,BOY,2009,531.0
648,Canada,CAN,2009,38797.38505,CAN,PISASCIENCE,GIRL,2009,526.0
649,Canada,CAN,2009,38797.38505,CAN,PISASCIENCE,TOT,2009,529.0
650,Switzerland,CHE,2009,51769.03029,CHE,PISAMATH,BOY,2009,544.0
651,Switzerland,CHE,2009,51769.03029,CHE,PISAMATH,GIRL,2009,524.0
652,Switzerland,CHE,2009,51769.03029,CHE,PISAMATH,TOT,2009,534.0
653,Switzerland,CHE,2009,51769.03029,CHE,PISAREAD,BOY,2009,481.0
654,Switzerland,CHE,2009,51769.03029,CHE,PISAREAD,GIRL,2009,520.0
655,Switzerland,CHE,2009,51769.03029,CHE,PISAREAD,TOT,2009,501.0
656,Switzerland,CHE,2009,51769.03029,CHE,PISASCIENCE,BOY,2009,520.0
657,Switzerland,CHE,2009,51769.03029,CHE,PISASCIENCE,GIRL,2009,512.0
658,Switzerland,CHE,2009,51769.03029,CHE,PISASCIENCE,TOT,2009,517.0
659,Chile,CHL,2009,16159.60523,CHL,PISAMATH,BOY,2009,431.0
660,Chile,CHL,2009,16159.60523,CHL,PISAMATH,GIRL,2009,410.0
661,Chile,CHL,2009,16159.60523,CHL,PISAMATH,TOT,2009,421.0
662,Chile,CHL,2009,16159.60523,CHL,PISAREAD,BOY,2009,439.0
663,Chile,CHL,2009,16159.60523,CHL,PISAREAD,GIRL,2009,461.0
664,Chile,CHL,2009,16159.60523,CHL,PISAREAD,TOT,2009,449.0
665,Chile,CHL,2009,16159.60523,CHL,PISASCIENCE,BOY,2009,452.0
666,Chile,CHL,2009,16159.60523,CHL,PISASCIENCE,GIRL,2009,443.0
667,Chile,CHL,2009,16159.60523,CHL,PISASCIENCE,TOT,2009,447.0
668,Czech Republic,CZE,2009,27599.30086,CZE,PISAMATH,BOY,2009,495.0
669,Czech Republic,CZE,2009,27599.30086,CZE,PISAMATH,GIRL,2009,490.0
670,Czech Republic,CZE,2009,27599.30086,CZE,PISAMATH,TOT,2009,493.0
671,Czech Republic,CZE,2009,27599.30086,CZE,PISAREAD,BOY,2009,456.0
672,Czech Republic,CZE,2009,27599.30086,CZE,PISAREAD,GIRL,2009,504.0
673,Czech Republic,CZE,2009,27599.30086,CZE,PISAREAD,TOT,2009,478.0
674,Czech Republic,CZE,2009,27599.30086,CZE,PISASCIENCE,BOY,2009,498.0
675,Czech Republic,CZE,2009,27599.30086,CZE,PISASCIENCE,GIRL,2009,503.0
676,Czech Republic,CZE,2009,27599.30086,CZE,PISASCIENCE,TOT,2009,500.0
677,Germany,DEU,2009,36823.38028,DEU,PISAMATH,BOY,2009,520.0
678,Germany,DEU,2009,36823.38028,DEU,PISAMATH,GIRL,2009,505.0
679,Germany,DEU,2009,36823.38028,DEU,PISAMATH,TOT,2009,513.0
680,Germany,DEU,2009,36823.38028,DEU,PISAREAD,BOY,2009,478.0
681,Germany,DEU,2009,36823.38028,DEU,PISAREAD,GIRL,2009,518.0
682,Germany,DEU,2009,36823.38028,DEU,PISAREAD,TOT,2009,497.0
683,Germany,DEU,2009,36823.38028,DEU,PISASCIENCE,BOY,2009,523.0
684,Germany,DEU,2009,36823.38028,DEU,PISASCIENCE,GIRL,2009,518.0
685,Germany,DEU,2009,36823.38028,DEU,PISASCIENCE,TOT,2009,520.0
686,Denmark,DNK,2009,40339.67713,DNK,PISAMATH,BOY,2009,511.0
687,Denmark,DNK,2009,40339.67713,DNK,PISAMATH,GIRL,2009,495.0
688,Denmark,DNK,2009,40339.67713,DNK,PISAMATH,TOT,2009,503.0
689,Denmark,DNK,2009,40339.67713,DNK,PISAREAD,BOY,2009,480.0
690,Denmark,DNK,2009,40339.67713,DNK,PISAREAD,GIRL,2009,509.0
691,Denmark,DNK,2009,40339.67713,DNK,PISAREAD,TOT,2009,495.0
692,Denmark,DNK,2009,40339.67713,DNK,PISASCIENCE,BOY,2009,505.0
693,Denmark,DNK,2009,40339.67713,DNK,PISASCIENCE,GIRL,2009,494.0
694,Denmark,DNK,2009,40339.67713,DNK,PISASCIENCE,TOT,2009,499.0
695,Spain,ESP,2009,32098.97505,ESP,PISAMATH,BOY,2009,493.0
696,Spain,ESP,2009,32098.97505,ESP,PISAMATH,GIRL,2009,474.0
697,Spain,ESP,2009,32098.97505,ESP,PISAMATH,TOT,2009,483.0
698,Spain,ESP,2009,32098.97505,ESP,PISAREAD,BOY,2009,467.0
699,Spain,ESP,2009,32098.97505,ESP,PISAREAD,GIRL,2009,496.0
700,Spain,ESP,2009,32098.97505,ESP,PISAREAD,TOT,2009,481.0
701,Spain,ESP,2009,32098.97505,ESP,PISASCIENCE,BOY,2009,492.0
702,Spain,ESP,2009,32098.97505,ESP,PISASCIENCE,GIRL,2009,485.0
703,Spain,ESP,2009,32098.97505,ESP,PISASCIENCE,TOT,2009,488.0
704,Estonia,EST,2009,20597.93347,EST,PISAMATH,BOY,2009,516.0
705,Estonia,EST,2009,20597.93347,EST,PISAMATH,GIRL,2009,508.0
706,Estonia,EST,2009,20597.93347,EST,PISAMATH,TOT,2009,512.0
707,Estonia,EST,2009,20597.93347,EST,PISAREAD,BOY,2009,480.0
708,Estonia,EST,2009,20597.93347,EST,PISAREAD,GIRL,2009,524.0
709,Estonia,EST,2009,20597.93347,EST,PISAREAD,TOT,2009,501.0
710,Estonia,EST,2009,20597.93347,EST,PISASCIENCE,BOY,2009,527.0
711,Estonia,EST,2009,20597.93347,EST,PISASCIENCE,GIRL,2009,528.0
712,Estonia,EST,2009,20597.93347,EST,PISASCIENCE,TOT,2009,528.0
713,Finland,FIN,2009,37980.06516,FIN,PISAMATH,BOY,2009,542.0
714,Finland,FIN,2009,37980.06516,FIN,PISAMATH,GIRL,2009,539.0
715,Finland,FIN,2009,37980.06516,FIN,PISAMATH,TOT,2009,541.0
716,Finland,FIN,2009,37980.06516,FIN,PISAREAD,BOY,2009,508.0
717,Finland,FIN,2009,37980.06516,FIN,PISAREAD,GIRL,2009,563.0
718,Finland,FIN,2009,37980.06516,FIN,PISAREAD,TOT,2009,536.0
719,Finland,FIN,2009,37980.06516,FIN,PISASCIENCE,BOY,2009,546.0
720,Finland,FIN,2009,37980.06516,FIN,PISASCIENCE,GIRL,2009,562.0
721,Finland,FIN,2009,37980.06516,FIN,PISASCIENCE,TOT,2009,554.0
722,France,FRA,2009,34685.1738,FRA,PISAMATH,BOY,2009,505.0
723,France,FRA,2009,34685.1738,FRA,PISAMATH,GIRL,2009,489.0
724,France,FRA,2009,34685.1738,FRA,PISAMATH,TOT,2009,497.0
725,France,FRA,2009,34685.1738,FRA,PISAREAD,BOY,2009,475.0
726,France,FRA,2009,34685.1738,FRA,PISAREAD,GIRL,2009,515.0
727,France,FRA,2009,34685.1738,FRA,PISAREAD,TOT,2009,496.0
728,France,FRA,2009,34685.1738,FRA,PISASCIENCE,BOY,2009,500.0
729,France,FRA,2009,34685.1738,FRA,PISASCIENCE,GIRL,2009,497.0
730,France,FRA,2009,34685.1738,FRA,PISASCIENCE,TOT,2009,498.0
731,United Kingdom,GBR,2009,35003.49742,GBR,PISAMATH,BOY,2009,503.0
732,United Kingdom,GBR,2009,35003.49742,GBR,PISAMATH,GIRL,2009,482.0
733,United Kingdom,GBR,2009,35003.49742,GBR,PISAMATH,TOT,2009,492.0
734,United Kingdom,GBR,2009,35003.49742,GBR,PISAREAD,BOY,2009,481.0
735,United Kingdom,GBR,2009,35003.49742,GBR,PISAREAD,GIRL,2009,507.0
736,United Kingdom,GBR,2009,35003.49742,GBR,PISAREAD,TOT,2009,494.0
737,United Kingdom,GBR,2009,35003.49742,GBR,PISASCIENCE,BOY,2009,519.0
738,United Kingdom,GBR,2009,35003.49742,GBR,PISASCIENCE,GIRL,2009,509.0
739,United Kingdom,GBR,2009,35003.49742,GBR,PISASCIENCE,TOT,2009,514.0
740,Greece,GRC,2009,30365.39993,GRC,PISAMATH,BOY,2009,473.0
741,Greece,GRC,2009,30365.39993,GRC,PISAMATH,GIRL,2009,459.0
742,Greece,GRC,2009,30365.39993,GRC,PISAMATH,TOT,2009,466.0
743,Greece,GRC,2009,30365.39993,GRC,PISAREAD,BOY,2009,459.0
744,Greece,GRC,2009,30365.39993,GRC,PISAREAD,GIRL,2009,506.0
745,Greece,GRC,2009,30365.39993,GRC,PISAREAD,TOT,2009,483.0
746,Greece,GRC,2009,30365.39993,GRC,PISASCIENCE,BOY,2009,465.0
747,Greece,GRC,2009,30365.39993,GRC,PISASCIENCE,GIRL,2009,475.0
748,Greece,GRC,2009,30365.39993,GRC,PISASCIENCE,TOT,2009,470.0
749,Hungary,HUN,2009,20678.06831,HUN,PISAMATH,BOY,2009,496.0
750,Hungary,HUN,2009,20678.06831,HUN,PISAMATH,GIRL,2009,484.0
751,Hungary,HUN,2009,20678.06831,HUN,PISAMATH,TOT,2009,490.0
752,Hungary,HUN,2009,20678.06831,HUN,PISAREAD,BOY,2009,475.0
753,Hungary,HUN,2009,20678.06831,HUN,PISAREAD,GIRL,2009,513.0
754,Hungary,HUN,2009,20678.06831,HUN,PISAREAD,TOT,2009,494.0
755,Hungary,HUN,2009,20678.06831,HUN,PISASCIENCE,BOY,2009,503.0
756,Hungary,HUN,2009,20678.06831,HUN,PISASCIENCE,GIRL,2009,503.0
757,Hungary,HUN,2009,20678.06831,HUN,PISASCIENCE,TOT,2009,503.0
758,Indonesia,IDN,2009,7813.090106,IDN,PISAMATH,BOY,2009,371.0
759,Indonesia,IDN,2009,7813.090106,IDN,PISAMATH,GIRL,2009,372.0
760,Indonesia,IDN,2009,7813.090106,IDN,PISAMATH,TOT,2009,371.0
761,Indonesia,IDN,2009,7813.090106,IDN,PISAREAD,BOY,2009,383.0
762,Indonesia,IDN,2009,7813.090106,IDN,PISAREAD,GIRL,2009,420.0
763,Indonesia,IDN,2009,7813.090106,IDN,PISAREAD,TOT,2009,402.0
764,Indonesia,IDN,2009,7813.090106,IDN,PISASCIENCE,BOY,2009,378.0
765,Indonesia,IDN,2009,7813.090106,IDN,PISASCIENCE,GIRL,2009,387.0
766,Indonesia,IDN,2009,7813.090106,IDN,PISASCIENCE,TOT,2009,383.0
767,Ireland,IRL,2009,41621.71832,IRL,PISAMATH,BOY,2009,491.0
768,Ireland,IRL,2009,41621.71832,IRL,PISAMATH,GIRL,2009,483.0
769,Ireland,IRL,2009,41621.71832,IRL,PISAMATH,TOT,2009,487.0
770,Ireland,IRL,2009,41621.71832,IRL,PISAREAD,BOY,2009,476.0
771,Ireland,IRL,2009,41621.71832,IRL,PISAREAD,GIRL,2009,515.0
772,Ireland,IRL,2009,41621.71832,IRL,PISAREAD,TOT,2009,496.0
773,Ireland,IRL,2009,41621.71832,IRL,PISASCIENCE,BOY,2009,507.0
774,Ireland,IRL,2009,41621.71832,IRL,PISASCIENCE,GIRL,2009,509.0
775,Ireland,IRL,2009,41621.71832,IRL,PISASCIENCE,TOT,2009,508.0
776,Iceland,ISL,2009,41905.36603,ISL,PISAMATH,BOY,2009,508.0
777,Iceland,ISL,2009,41905.36603,ISL,PISAMATH,GIRL,2009,505.0
778,Iceland,ISL,2009,41905.36603,ISL,PISAMATH,TOT,2009,507.0
779,Iceland,ISL,2009,41905.36603,ISL,PISAREAD,BOY,2009,478.0
780,Iceland,ISL,2009,41905.36603,ISL,PISAREAD,GIRL,2009,522.0
781,Iceland,ISL,2009,41905.36603,ISL,PISAREAD,TOT,2009,500.0
782,Iceland,ISL,2009,41905.36603,ISL,PISASCIENCE,BOY,2009,496.0
783,Iceland,ISL,2009,41905.36603,ISL,PISASCIENCE,GIRL,2009,495.0
784,Iceland,ISL,2009,41905.36603,ISL,PISASCIENCE,TOT,2009,496.0
785,Israel,ISR,2009,27501.29414,ISR,PISAMATH,BOY,2009,451.0
786,Israel,ISR,2009,27501.29414,ISR,PISAMATH,GIRL,2009,443.0
787,Israel,ISR,2009,27501.29414,ISR,PISAMATH,TOT,2009,447.0
788,Israel,ISR,2009,27501.29414,ISR,PISAREAD,BOY,2009,452.0
789,Israel,ISR,2009,27501.29414,ISR,PISAREAD,GIRL,2009,495.0
790,Israel,ISR,2009,27501.29414,ISR,PISAREAD,TOT,2009,474.0
791,Israel,ISR,2009,27501.29414,ISR,PISASCIENCE,BOY,2009,453.0
792,Israel,ISR,2009,27501.29414,ISR,PISASCIENCE,GIRL,2009,456.0
793,Israel,ISR,2009,27501.29414,ISR,PISASCIENCE,TOT,2009,455.0
794,Italy,ITA,2009,34610.03145,ITA,PISAMATH,BOY,2009,490.0
795,Italy,ITA,2009,34610.03145,ITA,PISAMATH,GIRL,2009,475.0
796,Italy,ITA,2009,34610.03145,ITA,PISAMATH,TOT,2009,483.0
797,Italy,ITA,2009,34610.03145,ITA,PISAREAD,BOY,2009,464.0
798,Italy,ITA,2009,34610.03145,ITA,PISAREAD,GIRL,2009,510.0
799,Italy,ITA,2009,34610.03145,ITA,PISAREAD,TOT,2009,486.0
800,Italy,ITA,2009,34610.03145,ITA,PISASCIENCE,BOY,2009,488.0
801,Italy,ITA,2009,34610.03145,ITA,PISASCIENCE,GIRL,2009,490.0
802,Italy,ITA,2009,34610.03145,ITA,PISASCIENCE,TOT,2009,489.0
803,Japan,JPN,2009,33198.61611,JPN,PISAMATH,BOY,2009,534.0
804,Japan,JPN,2009,33198.61611,JPN,PISAMATH,GIRL,2009,524.0
805,Japan,JPN,2009,33198.61611,JPN,PISAMATH,TOT,2009,529.0
806,Japan,JPN,2009,33198.61611,JPN,PISAREAD,BOY,2009,501.0
807,Japan,JPN,2009,33198.61611,JPN,PISAREAD,GIRL,2009,540.0
808,Japan,JPN,2009,33198.61611,JPN,PISAREAD,TOT,2009,520.0
809,Japan,JPN,2009,33198.61611,JPN,PISASCIENCE,BOY,2009,534.0
810,Japan,JPN,2009,33198.61611,JPN,PISASCIENCE,GIRL,2009,545.0
811,Japan,JPN,2009,33198.61611,JPN,PISASCIENCE,TOT,2009,539.0
812,"Korea, Rep.",KOR,2009,28325.2093,KOR,PISAMATH,BOY,2009,548.0
813,"Korea, Rep.",KOR,2009,28325.2093,KOR,PISAMATH,GIRL,2009,544.0
814,"Korea, Rep.",KOR,2009,28325.2093,KOR,PISAMATH,TOT,2009,546.0
815,"Korea, Rep.",KOR,2009,28325.2093,KOR,PISAREAD,BOY,2009,523.0
816,"Korea, Rep.",KOR,2009,28325.2093,KOR,PISAREAD,GIRL,2009,558.0
817,"Korea, Rep.",KOR,2009,28325.2093,KOR,PISAREAD,TOT,2009,539.0
818,"Korea, Rep.",KOR,2009,28325.2093,KOR,PISASCIENCE,BOY,2009,537.0
819,"Korea, Rep.",KOR,2009,28325.2093,KOR,PISASCIENCE,GIRL,2009,539.0
820,"Korea, Rep.",KOR,2009,28325.2093,KOR,PISASCIENCE,TOT,2009,538.0
821,Luxembourg,LUX,2009,82278.19739,LUX,PISAMATH,BOY,2009,499.0
822,Luxembourg,LUX,2009,82278.19739,LUX,PISAMATH,GIRL,2009,479.0
823,Luxembourg,LUX,2009,82278.19739,LUX,PISAMATH,TOT,2009,489.0
824,Luxembourg,LUX,2009,82278.19739,LUX,PISAREAD,BOY,2009,453.0
825,Luxembourg,LUX,2009,82278.19739,LUX,PISAREAD,GIRL,2009,492.0
826,Luxembourg,LUX,2009,82278.19739,LUX,PISAREAD,TOT,2009,472.0
827,Luxembourg,LUX,2009,82278.19739,LUX,PISASCIENCE,BOY,2009,487.0
828,Luxembourg,LUX,2009,82278.19739,LUX,PISASCIENCE,GIRL,2009,480.0
829,Luxembourg,LUX,2009,82278.19739,LUX,PISASCIENCE,TOT,2009,484.0
830,Latvia,LVA,2009,16924.03115,LVA,PISAMATH,TOT,2009,482.0
831,Latvia,LVA,2009,16924.03115,LVA,PISAREAD,TOT,2009,484.0
832,Latvia,LVA,2009,16924.03115,LVA,PISASCIENCE,TOT,2009,494.0
833,Mexico,MEX,2009,14558.24481,MEX,PISAMATH,BOY,2009,425.0
834,Mexico,MEX,2009,14558.24481,MEX,PISAMATH,GIRL,2009,412.0
835,Mexico,MEX,2009,14558.24481,MEX,PISAMATH,TOT,2009,419.0
836,Mexico,MEX,2009,14558.24481,MEX,PISAREAD,BOY,2009,413.0
837,Mexico,MEX,2009,14558.24481,MEX,PISAREAD,GIRL,2009,438.0
838,Mexico,MEX,2009,14558.24481,MEX,PISAREAD,TOT,2009,425.0
839,Mexico,MEX,2009,14558.24481,MEX,PISASCIENCE,BOY,2009,419.0
840,Mexico,MEX,2009,14558.24481,MEX,PISASCIENCE,GIRL,2009,413.0
841,Mexico,MEX,2009,14558.24481,MEX,PISASCIENCE,TOT,2009,416.0
842,Netherlands,NLD,2009,44566.0619,NLD,PISAMATH,BOY,2009,534.0
843,Netherlands,NLD,2009,44566.0619,NLD,PISAMATH,GIRL,2009,517.0
844,Netherlands,NLD,2009,44566.0619,NLD,PISAMATH,TOT,2009,526.0
845,Netherlands,NLD,2009,44566.0619,NLD,PISAREAD,BOY,2009,496.0
846,Netherlands,NLD,2009,44566.0619,NLD,PISAREAD,GIRL,2009,521.0
847,Netherlands,NLD,2009,44566.0619,NLD,PISAREAD,TOT,2009,508.0
848,Netherlands,NLD,2009,44566.0619,NLD,PISASCIENCE,BOY,2009,524.0
849,Netherlands,NLD,2009,44566.0619,NLD,PISASCIENCE,GIRL,2009,520.0
850,Netherlands,NLD,2009,44566.0619,NLD,PISASCIENCE,TOT,2009,522.0
851,Norway,NOR,2009,55375.57628,NOR,PISAMATH,BOY,2009,500.0
852,Norway,NOR,2009,55375.57628,NOR,PISAMATH,GIRL,2009,495.0
853,Norway,NOR,2009,55375.57628,NOR,PISAMATH,TOT,2009,498.0
854,Norway,NOR,2009,55375.57628,NOR,PISAREAD,BOY,2009,480.0
855,Norway,NOR,2009,55375.57628,NOR,PISAREAD,GIRL,2009,527.0
856,Norway,NOR,2009,55375.57628,NOR,PISAREAD,TOT,2009,503.0
857,Norway,NOR,2009,55375.57628,NOR,PISASCIENCE,BOY,2009,498.0
858,Norway,NOR,2009,55375.57628,NOR,PISASCIENCE,GIRL,2009,502.0
859,Norway,NOR,2009,55375.57628,NOR,PISASCIENCE,TOT,2009,500.0
860,New Zealand,NZL,2009,30699.66202,NZL,PISAMATH,BOY,2009,523.0
861,New Zealand,NZL,2009,30699.66202,NZL,PISAMATH,GIRL,2009,515.0
862,New Zealand,NZL,2009,30699.66202,NZL,PISAMATH,TOT,2009,519.0
863,New Zealand,NZL,2009,30699.66202,NZL,PISAREAD,BOY,2009,499.0
864,New Zealand,NZL,2009,30699.66202,NZL,PISAREAD,GIRL,2009,544.0
865,New Zealand,NZL,2009,30699.66202,NZL,PISAREAD,TOT,2009,521.0
866,New Zealand,NZL,2009,30699.66202,NZL,PISASCIENCE,BOY,2009,529.0
867,New Zealand,NZL,2009,30699.66202,NZL,PISASCIENCE,GIRL,2009,535.0
868,New Zealand,NZL,2009,30699.66202,NZL,PISASCIENCE,TOT,2009,532.0
869,Poland,POL,2009,19246.44868,POL,PISAMATH,BOY,2009,497.0
870,Poland,POL,2009,19246.44868,POL,PISAMATH,GIRL,2009,493.0
871,Poland,POL,2009,19246.44868,POL,PISAMATH,TOT,2009,495.0
872,Poland,POL,2009,19246.44868,POL,PISAREAD,BOY,2009,476.0
873,Poland,POL,2009,19246.44868,POL,PISAREAD,GIRL,2009,525.0
874,Poland,POL,2009,19246.44868,POL,PISAREAD,TOT,2009,500.0
875,Poland,POL,2009,19246.44868,POL,PISASCIENCE,BOY,2009,505.0
876,Poland,POL,2009,19246.44868,POL,PISASCIENCE,GIRL,2009,511.0
877,Poland,POL,2009,19246.44868,POL,PISASCIENCE,TOT,2009,508.0
878,Portugal,PRT,2009,26464.31081,PRT,PISAMATH,BOY,2009,493.0
879,Portugal,PRT,2009,26464.31081,PRT,PISAMATH,GIRL,2009,481.0
880,Portugal,PRT,2009,26464.31081,PRT,PISAMATH,TOT,2009,487.0
881,Portugal,PRT,2009,26464.31081,PRT,PISAREAD,BOY,2009,470.0
882,Portugal,PRT,2009,26464.31081,PRT,PISAREAD,GIRL,2009,508.0
883,Portugal,PRT,2009,26464.31081,PRT,PISAREAD,TOT,2009,489.0
884,Portugal,PRT,2009,26464.31081,PRT,PISASCIENCE,BOY,2009,491.0
885,Portugal,PRT,2009,26464.31081,PRT,PISASCIENCE,GIRL,2009,495.0
886,Portugal,PRT,2009,26464.31081,PRT,PISASCIENCE,TOT,2009,493.0
887,Russian Federation,RUS,2009,19389.94213,RUS,PISAMATH,BOY,2009,469.0
888,Russian Federation,RUS,2009,19389.94213,RUS,PISAMATH,GIRL,2009,467.0
889,Russian Federation,RUS,2009,19389.94213,RUS,PISAMATH,TOT,2009,468.0
890,Russian Federation,RUS,2009,19389.94213,RUS,PISAREAD,BOY,2009,437.0
891,Russian Federation,RUS,2009,19389.94213,RUS,PISAREAD,GIRL,2009,482.0
892,Russian Federation,RUS,2009,19389.94213,RUS,PISAREAD,TOT,2009,459.0
893,Russian Federation,RUS,2009,19389.94213,RUS,PISASCIENCE,BOY,2009,477.0
894,Russian Federation,RUS,2009,19389.94213,RUS,PISASCIENCE,GIRL,2009,480.0
895,Russian Federation,RUS,2009,19389.94213,RUS,PISASCIENCE,TOT,2009,486.0
896,Slovak Republic,SVK,2009,23085.33289,SVK,PISAMATH,BOY,2009,498.0
897,Slovak Republic,SVK,2009,23085.33289,SVK,PISAMATH,GIRL,2009,495.0
898,Slovak Republic,SVK,2009,23085.33289,SVK,PISAMATH,TOT,2009,497.0
899,Slovak Republic,SVK,2009,23085.33289,SVK,PISAREAD,BOY,2009,452.0
900,Slovak Republic,SVK,2009,23085.33289,SVK,PISAREAD,GIRL,2009,503.0
901,Slovak Republic,SVK,2009,23085.33289,SVK,PISAREAD,TOT,2009,477.0
902,Slovak Republic,SVK,2009,23085.33289,SVK,PISASCIENCE,BOY,2009,490.0
903,Slovak Republic,SVK,2009,23085.33289,SVK,PISASCIENCE,GIRL,2009,491.0
904,Slovak Republic,SVK,2009,23085.33289,SVK,PISASCIENCE,TOT,2009,490.0
905,Slovenia,SVN,2009,27543.39118,SVN,PISAMATH,BOY,2009,502.0
906,Slovenia,SVN,2009,27543.39118,SVN,PISAMATH,GIRL,2009,501.0
907,Slovenia,SVN,2009,27543.39118,SVN,PISAMATH,TOT,2009,501.0
908,Slovenia,SVN,2009,27543.39118,SVN,PISAREAD,BOY,2009,456.0
909,Slovenia,SVN,2009,27543.39118,SVN,PISAREAD,GIRL,2009,511.0
910,Slovenia,SVN,2009,27543.39118,SVN,PISAREAD,TOT,2009,483.0
911,Slovenia,SVN,2009,27543.39118,SVN,PISASCIENCE,BOY,2009,505.0
912,Slovenia,SVN,2009,27543.39118,SVN,PISASCIENCE,GIRL,2009,519.0
913,Slovenia,SVN,2009,27543.39118,SVN,PISASCIENCE,TOT,2009,512.0
914,Sweden,SWE,2009,40156.41031,SWE,PISAMATH,BOY,2009,493.0
915,Sweden,SWE,2009,40156.41031,SWE,PISAMATH,GIRL,2009,495.0
916,Sweden,SWE,2009,40156.41031,SWE,PISAMATH,TOT,2009,494.0
917,Sweden,SWE,2009,40156.41031,SWE,PISAREAD,BOY,2009,475.0
918,Sweden,SWE,2009,40156.41031,SWE,PISAREAD,GIRL,2009,521.0
919,Sweden,SWE,2009,40156.41031,SWE,PISAREAD,TOT,2009,497.0
920,Sweden,SWE,2009,40156.41031,SWE,PISASCIENCE,BOY,2009,493.0
921,Sweden,SWE,2009,40156.41031,SWE,PISASCIENCE,GIRL,2009,497.0
922,Sweden,SWE,2009,40156.41031,SWE,PISASCIENCE,TOT,2009,495.0
923,Turkey,TUR,2009,15489.87192,TUR,PISAMATH,BOY,2009,451.0
924,Turkey,TUR,2009,15489.87192,TUR,PISAMATH,GIRL,2009,440.0
925,Turkey,TUR,2009,15489.87192,TUR,PISAMATH,TOT,2009,445.0
926,Turkey,TUR,2009,15489.87192,TUR,PISAREAD,BOY,2009,443.0
927,Turkey,TUR,2009,15489.87192,TUR,PISAREAD,GIRL,2009,486.0
928,Turkey,TUR,2009,15489.87192,TUR,PISAREAD,TOT,2009,464.0
929,Turkey,TUR,2009,15489.87192,TUR,PISASCIENCE,BOY,2009,448.0
930,Turkey,TUR,2009,15489.87192,TUR,PISASCIENCE,GIRL,2009,460.0
931,Turkey,TUR,2009,15489.87192,TUR,PISASCIENCE,TOT,2009,454.0
932,United States,USA,2009,47099.98047,USA,PISAMATH,BOY,2009,497.0
933,United States,USA,2009,47099.98047,USA,PISAMATH,GIRL,2009,477.0
934,United States,USA,2009,47099.98047,USA,PISAMATH,TOT,2009,487.0
935,United States,USA,2009,47099.98047,USA,PISAREAD,BOY,2009,488.0
936,United States,USA,2009,47099.98047,USA,PISAREAD,GIRL,2009,513.0
937,United States,USA,2009,47099.98047,USA,PISAREAD,TOT,2009,500.0
938,United States,USA,2009,47099.98047,USA,PISASCIENCE,BOY,2009,509.0
939,United States,USA,2009,47099.98047,USA,PISASCIENCE,GIRL,2009,495.0
940,United States,USA,2009,47099.98047,USA,PISASCIENCE,TOT,2009,502.0
941,Australia,AUS,2012,42826.78958,AUS,PISAMATH,BOY,2012,510.115
942,Australia,AUS,2012,42826.78958,AUS,PISAMATH,GIRL,2012,497.821
943,Australia,AUS,2012,42826.78958,AUS,PISAMATH,TOT,2012,504.0
944,Australia,AUS,2012,42826.78958,AUS,PISAREAD,BOY,2012,495.09
945,Australia,AUS,2012,42826.78958,AUS,PISAREAD,GIRL,2012,529.542
946,Australia,AUS,2012,42826.78958,AUS,PISAREAD,TOT,2012,512.0
947,Australia,AUS,2012,42826.78958,AUS,PISASCIENCE,BOY,2012,523.728
948,Australia,AUS,2012,42826.78958,AUS,PISASCIENCE,GIRL,2012,519.124
949,Australia,AUS,2012,42826.78958,AUS,PISASCIENCE,TOT,2012,521.0
950,Austria,AUT,2012,46457.34578,AUT,PISAMATH,BOY,2012,516.682
951,Austria,AUT,2012,46457.34578,AUT,PISAMATH,GIRL,2012,494.462
952,Austria,AUT,2012,46457.34578,AUT,PISAMATH,TOT,2012,506.0
953,Austria,AUT,2012,46457.34578,AUT,PISAREAD,BOY,2012,471.093
954,Austria,AUT,2012,46457.34578,AUT,PISAREAD,GIRL,2012,508.021
955,Austria,AUT,2012,46457.34578,AUT,PISAREAD,TOT,2012,490.0
956,Austria,AUT,2012,46457.34578,AUT,PISASCIENCE,BOY,2012,510.108
957,Austria,AUT,2012,46457.34578,AUT,PISASCIENCE,GIRL,2012,501.479
958,Austria,AUT,2012,46457.34578,AUT,PISASCIENCE,TOT,2012,506.0
959,Belgium,BEL,2012,42290.76205,BEL,PISAMATH,BOY,2012,520.081
960,Belgium,BEL,2012,42290.76205,BEL,PISAMATH,GIRL,2012,508.935
961,Belgium,BEL,2012,42290.76205,BEL,PISAMATH,TOT,2012,515.0
962,Belgium,BEL,2012,42290.76205,BEL,PISAREAD,BOY,2012,492.755
963,Belgium,BEL,2012,42290.76205,BEL,PISAREAD,GIRL,2012,524.602
964,Belgium,BEL,2012,42290.76205,BEL,PISAREAD,TOT,2012,509.0
965,Belgium,BEL,2012,42290.76205,BEL,PISASCIENCE,BOY,2012,506.82
966,Belgium,BEL,2012,42290.76205,BEL,PISASCIENCE,GIRL,2012,502.9
967,Belgium,BEL,2012,42290.76205,BEL,PISASCIENCE,TOT,2012,505.0
968,Brazil,BRA,2012,15506.55426,BRA,PISAMATH,BOY,2012,400.769
969,Brazil,BRA,2012,15506.55426,BRA,PISAMATH,GIRL,2012,382.925
970,Brazil,BRA,2012,15506.55426,BRA,PISAMATH,TOT,2012,389.0
971,Brazil,BRA,2012,15506.55426,BRA,PISAREAD,BOY,2012,394.184
972,Brazil,BRA,2012,15506.55426,BRA,PISAREAD,GIRL,2012,424.734
973,Brazil,BRA,2012,15506.55426,BRA,PISAREAD,TOT,2012,407.0
974,Brazil,BRA,2012,15506.55426,BRA,PISASCIENCE,BOY,2012,405.541
975,Brazil,BRA,2012,15506.55426,BRA,PISASCIENCE,GIRL,2012,403.949
976,Brazil,BRA,2012,15506.55426,BRA,PISASCIENCE,TOT,2012,402.0
977,Canada,CAN,2012,42189.19611,CAN,PISAMATH,BOY,2012,523.154
978,Canada,CAN,2012,42189.19611,CAN,PISAMATH,GIRL,2012,513.022
979,Canada,CAN,2012,42189.19611,CAN,PISAMATH,TOT,2012,518.0
980,Canada,CAN,2012,42189.19611,CAN,PISAREAD,BOY,2012,505.512
981,Canada,CAN,2012,42189.19611,CAN,PISAREAD,GIRL,2012,540.657
982,Canada,CAN,2012,42189.19611,CAN,PISAREAD,TOT,2012,523.0
983,Canada,CAN,2012,42189.19611,CAN,PISASCIENCE,BOY,2012,526.875
984,Canada,CAN,2012,42189.19611,CAN,PISASCIENCE,GIRL,2012,524.053
985,Canada,CAN,2012,42189.19611,CAN,PISASCIENCE,TOT,2012,525.0
986,Switzerland,CHE,2012,57849.57204,CHE,PISAMATH,BOY,2012,537.369
987,Switzerland,CHE,2012,57849.57204,CHE,PISAMATH,GIRL,2012,524.473
988,Switzerland,CHE,2012,57849.57204,CHE,PISAMATH,TOT,2012,531.0
989,Switzerland,CHE,2012,57849.57204,CHE,PISAREAD,BOY,2012,491.074
990,Switzerland,CHE,2012,57849.57204,CHE,PISAREAD,GIRL,2012,527.064
991,Switzerland,CHE,2012,57849.57204,CHE,PISAREAD,TOT,2012,509.0
992,Switzerland,CHE,2012,57849.57204,CHE,PISASCIENCE,BOY,2012,518.255
993,Switzerland,CHE,2012,57849.57204,CHE,PISASCIENCE,GIRL,2012,512.331
994,Switzerland,CHE,2012,57849.57204,CHE,PISASCIENCE,TOT,2012,515.0
995,Chile,CHL,2012,21507.7074,CHL,PISAMATH,BOY,2012,435.525
996,Chile,CHL,2012,21507.7074,CHL,PISAMATH,GIRL,2012,410.543
997,Chile,CHL,2012,21507.7074,CHL,PISAMATH,TOT,2012,423.0
998,Chile,CHL,2012,21507.7074,CHL,PISAREAD,BOY,2012,429.696
999,Chile,CHL,2012,21507.7074,CHL,PISAREAD,GIRL,2012,452.371
1000,Chile,CHL,2012,21507.7074,CHL,PISAREAD,TOT,2012,441.0
1001,Chile,CHL,2012,21507.7074,CHL,PISASCIENCE,BOY,2012,448.441
1002,Chile,CHL,2012,21507.7074,CHL,PISASCIENCE,GIRL,2012,441.645
1003,Chile,CHL,2012,21507.7074,CHL,PISASCIENCE,TOT,2012,445.0
1004,Czech Republic,CZE,2012,29047.24644,CZE,PISAMATH,BOY,2012,504.71
1005,Czech Republic,CZE,2012,29047.24644,CZE,PISAMATH,GIRL,2012,492.903
1006,Czech Republic,CZE,2012,29047.24644,CZE,PISAMATH,TOT,2012,499.0
1007,Czech Republic,CZE,2012,29047.24644,CZE,PISAREAD,BOY,2012,473.983
1008,Czech Republic,CZE,2012,29047.24644,CZE,PISAREAD,GIRL,2012,512.79
1009,Czech Republic,CZE,2012,29047.24644,CZE,PISAREAD,TOT,2012,493.0
1010,Czech Republic,CZE,2012,29047.24644,CZE,PISASCIENCE,BOY,2012,508.721
1011,Czech Republic,CZE,2012,29047.24644,CZE,PISASCIENCE,GIRL,2012,507.855
1012,Czech Republic,CZE,2012,29047.24644,CZE,PISASCIENCE,TOT,2012,508.0
1013,Germany,DEU,2012,43359.61483,DEU,PISAMATH,BOY,2012,520.19
1014,Germany,DEU,2012,43359.61483,DEU,PISAMATH,GIRL,2012,506.625
1015,Germany,DEU,2012,43359.61483,DEU,PISAMATH,TOT,2012,514.0
1016,Germany,DEU,2012,43359.61483,DEU,PISAREAD,BOY,2012,486.0
1017,Germany,DEU,2012,43359.61483,DEU,PISAREAD,GIRL,2012,530.119
1018,Germany,DEU,2012,43359.61483,DEU,PISAREAD,TOT,2012,508.0
1019,Germany,DEU,2012,43359.61483,DEU,PISASCIENCE,BOY,2012,523.86
1020,Germany,DEU,2012,43359.61483,DEU,PISASCIENCE,GIRL,2012,524.391
1021,Germany,DEU,2012,43359.61483,DEU,PISASCIENCE,TOT,2012,524.0
1022,Denmark,DNK,2012,44803.96824,DNK,PISAMATH,BOY,2012,506.953
1023,Denmark,DNK,2012,44803.96824,DNK,PISAMATH,GIRL,2012,493.029
1024,Denmark,DNK,2012,44803.96824,DNK,PISAMATH,TOT,2012,500.0
1025,Denmark,DNK,2012,44803.96824,DNK,PISAREAD,BOY,2012,480.89
1026,Denmark,DNK,2012,44803.96824,DNK,PISAREAD,GIRL,2012,511.529
1027,Denmark,DNK,2012,44803.96824,DNK,PISAREAD,TOT,2012,496.0
1028,Denmark,DNK,2012,44803.96824,DNK,PISASCIENCE,BOY,2012,503.533
1029,Denmark,DNK,2012,44803.96824,DNK,PISASCIENCE,GIRL,2012,493.363
1030,Denmark,DNK,2012,44803.96824,DNK,PISASCIENCE,TOT,2012,498.0
1031,Spain,ESP,2012,31720.12,ESP,PISAMATH,BOY,2012,492.422
1032,Spain,ESP,2012,31720.12,ESP,PISAMATH,GIRL,2012,475.965
1033,Spain,ESP,2012,31720.12,ESP,PISAMATH,TOT,2012,484.0
1034,Spain,ESP,2012,31720.12,ESP,PISAREAD,BOY,2012,473.806
1035,Spain,ESP,2012,31720.12,ESP,PISAREAD,GIRL,2012,502.511
1036,Spain,ESP,2012,31720.12,ESP,PISAREAD,TOT,2012,488.0
1037,Spain,ESP,2012,31720.12,ESP,PISASCIENCE,BOY,2012,500.119
1038,Spain,ESP,2012,31720.12,ESP,PISASCIENCE,GIRL,2012,492.658
1039,Spain,ESP,2012,31720.12,ESP,PISASCIENCE,TOT,2012,496.0
1040,Estonia,EST,2012,26190.55295,EST,PISAMATH,BOY,2012,523.214
1041,Estonia,EST,2012,26190.55295,EST,PISAMATH,GIRL,2012,517.93
1042,Estonia,EST,2012,26190.55295,EST,PISAMATH,TOT,2012,521.0
1043,Estonia,EST,2012,26190.55295,EST,PISAREAD,BOY,2012,494.319
1044,Estonia,EST,2012,26190.55295,EST,PISAREAD,GIRL,2012,537.833
1045,Estonia,EST,2012,26190.55295,EST,PISAREAD,TOT,2012,516.0
1046,Estonia,EST,2012,26190.55295,EST,PISASCIENCE,BOY,2012,540.177
1047,Estonia,EST,2012,26190.55295,EST,PISASCIENCE,GIRL,2012,542.608
1048,Estonia,EST,2012,26190.55295,EST,PISASCIENCE,TOT,2012,541.0
1049,Finland,FIN,2012,40873.09533,FIN,PISAMATH,BOY,2012,517.391
1050,Finland,FIN,2012,40873.09533,FIN,PISAMATH,GIRL,2012,520.185
1051,Finland,FIN,2012,40873.09533,FIN,PISAMATH,TOT,2012,519.0
1052,Finland,FIN,2012,40873.09533,FIN,PISAREAD,BOY,2012,494.006
1053,Finland,FIN,2012,40873.09533,FIN,PISAREAD,GIRL,2012,555.708
1054,Finland,FIN,2012,40873.09533,FIN,PISAREAD,TOT,2012,524.0
1055,Finland,FIN,2012,40873.09533,FIN,PISASCIENCE,BOY,2012,537.436
1056,Finland,FIN,2012,40873.09533,FIN,PISASCIENCE,GIRL,2012,553.893
1057,Finland,FIN,2012,40873.09533,FIN,PISASCIENCE,TOT,2012,545.0
1058,France,FRA,2012,37679.12178,FRA,PISAMATH,BOY,2012,499.355
1059,France,FRA,2012,37679.12178,FRA,PISAMATH,GIRL,2012,490.853
1060,France,FRA,2012,37679.12178,FRA,PISAMATH,TOT,2012,495.0
1061,France,FRA,2012,37679.12178,FRA,PISAREAD,BOY,2012,482.972
1062,France,FRA,2012,37679.12178,FRA,PISAREAD,GIRL,2012,526.765
1063,France,FRA,2012,37679.12178,FRA,PISAREAD,TOT,2012,505.0
1064,France,FRA,2012,37679.12178,FRA,PISASCIENCE,BOY,2012,497.716
1065,France,FRA,2012,37679.12178,FRA,PISASCIENCE,GIRL,2012,500.157
1066,France,FRA,2012,37679.12178,FRA,PISASCIENCE,TOT,2012,499.0
1067,United Kingdom,GBR,2012,38311.84608,GBR,PISAMATH,BOY,2012,500.295
1068,United Kingdom,GBR,2012,38311.84608,GBR,PISAMATH,GIRL,2012,487.815
1069,United Kingdom,GBR,2012,38311.84608,GBR,PISAMATH,TOT,2012,494.0
1070,United Kingdom,GBR,2012,38311.84608,GBR,PISAREAD,BOY,2012,486.631
1071,United Kingdom,GBR,2012,38311.84608,GBR,PISAREAD,GIRL,2012,511.534
1072,United Kingdom,GBR,2012,38311.84608,GBR,PISAREAD,TOT,2012,499.0
1073,United Kingdom,GBR,2012,38311.84608,GBR,PISASCIENCE,BOY,2012,520.622
1074,United Kingdom,GBR,2012,38311.84608,GBR,PISASCIENCE,GIRL,2012,507.883
1075,United Kingdom,GBR,2012,38311.84608,GBR,PISASCIENCE,TOT,2012,514.0
1076,Greece,GRC,2012,25284.46408,GRC,PISAMATH,BOY,2012,457.039
1077,Greece,GRC,2012,25284.46408,GRC,PISAMATH,GIRL,2012,448.984
1078,Greece,GRC,2012,25284.46408,GRC,PISAMATH,TOT,2012,453.0
1079,Greece,GRC,2012,25284.46408,GRC,PISAREAD,BOY,2012,451.718
1080,Greece,GRC,2012,25284.46408,GRC,PISAREAD,GIRL,2012,502.198
1081,Greece,GRC,2012,25284.46408,GRC,PISAREAD,TOT,2012,477.0
1082,Greece,GRC,2012,25284.46408,GRC,PISASCIENCE,BOY,2012,460.02
1083,Greece,GRC,2012,25284.46408,GRC,PISASCIENCE,GIRL,2012,473.298
1084,Greece,GRC,2012,25284.46408,GRC,PISASCIENCE,TOT,2012,467.0
1085,Hungary,HUN,2012,23148.12788,HUN,PISAMATH,BOY,2012,481.749
1086,Hungary,HUN,2012,23148.12788,HUN,PISAMATH,GIRL,2012,472.664
1087,Hungary,HUN,2012,23148.12788,HUN,PISAMATH,TOT,2012,477.0
1088,Hungary,HUN,2012,23148.12788,HUN,PISAREAD,BOY,2012,467.964
1089,Hungary,HUN,2012,23148.12788,HUN,PISAREAD,GIRL,2012,507.549
1090,Hungary,HUN,2012,23148.12788,HUN,PISAREAD,TOT,2012,488.0
1091,Hungary,HUN,2012,23148.12788,HUN,PISASCIENCE,BOY,2012,495.913
1092,Hungary,HUN,2012,23148.12788,HUN,PISASCIENCE,GIRL,2012,492.803
1093,Hungary,HUN,2012,23148.12788,HUN,PISASCIENCE,TOT,2012,494.0
1094,Indonesia,IDN,2012,9444.948401,IDN,PISAMATH,BOY,2012,377.376
1095,Indonesia,IDN,2012,9444.948401,IDN,PISAMATH,GIRL,2012,372.785
1096,Indonesia,IDN,2012,9444.948401,IDN,PISAMATH,TOT,2012,375.0
1097,Indonesia,IDN,2012,9444.948401,IDN,PISAREAD,BOY,2012,382.254
1098,Indonesia,IDN,2012,9444.948401,IDN,PISAREAD,GIRL,2012,410.408
1099,Indonesia,IDN,2012,9444.948401,IDN,PISAREAD,TOT,2012,396.0
1100,Indonesia,IDN,2012,9444.948401,IDN,PISASCIENCE,BOY,2012,380.409
1101,Indonesia,IDN,2012,9444.948401,IDN,PISASCIENCE,GIRL,2012,383.459
1102,Indonesia,IDN,2012,9444.948401,IDN,PISASCIENCE,TOT,2012,382.0
1103,Ireland,IRL,2012,46256.56888,IRL,PISAMATH,BOY,2012,509.035
1104,Ireland,IRL,2012,46256.56888,IRL,PISAMATH,GIRL,2012,493.705
1105,Ireland,IRL,2012,46256.56888,IRL,PISAMATH,TOT,2012,501.0
1106,Ireland,IRL,2012,46256.56888,IRL,PISAREAD,BOY,2012,509.153
1107,Ireland,IRL,2012,46256.56888,IRL,PISAREAD,GIRL,2012,537.669
1108,Ireland,IRL,2012,46256.56888,IRL,PISAREAD,TOT,2012,523.0
1109,Ireland,IRL,2012,46256.56888,IRL,PISASCIENCE,BOY,2012,523.942
1110,Ireland,IRL,2012,46256.56888,IRL,PISASCIENCE,GIRL,2012,520.0
1111,Ireland,IRL,2012,46256.56888,IRL,PISASCIENCE,TOT,2012,522.0
1112,Iceland,ISL,2012,41926.34194,ISL,PISAMATH,BOY,2012,489.72
1113,Iceland,ISL,2012,41926.34194,ISL,PISAMATH,GIRL,2012,495.947
1114,Iceland,ISL,2012,41926.34194,ISL,PISAMATH,TOT,2012,493.0
1115,Iceland,ISL,2012,41926.34194,ISL,PISAREAD,BOY,2012,457.275
1116,Iceland,ISL,2012,41926.34194,ISL,PISAREAD,GIRL,2012,508.39
1117,Iceland,ISL,2012,41926.34194,ISL,PISAREAD,TOT,2012,483.0
1118,Iceland,ISL,2012,41926.34194,ISL,PISASCIENCE,BOY,2012,476.676
1119,Iceland,ISL,2012,41926.34194,ISL,PISASCIENCE,GIRL,2012,479.669
1120,Iceland,ISL,2012,41926.34194,ISL,PISASCIENCE,TOT,2012,478.0
1121,Israel,ISR,2012,31693.91787,ISR,PISAMATH,BOY,2012,472.398
1122,Israel,ISR,2012,31693.91787,ISR,PISAMATH,GIRL,2012,460.749
1123,Israel,ISR,2012,31693.91787,ISR,PISAMATH,TOT,2012,466.0
1124,Israel,ISR,2012,31693.91787,ISR,PISAREAD,BOY,2012,463.46
1125,Israel,ISR,2012,31693.91787,ISR,PISAREAD,GIRL,2012,507.451
1126,Israel,ISR,2012,31693.91787,ISR,PISAREAD,TOT,2012,486.0
1127,Israel,ISR,2012,31693.91787,ISR,PISASCIENCE,BOY,2012,469.715
1128,Israel,ISR,2012,31693.91787,ISR,PISASCIENCE,GIRL,2012,470.419
1129,Israel,ISR,2012,31693.91787,ISR,PISASCIENCE,TOT,2012,470.0
1130,Italy,ITA,2012,36486.29679,ITA,PISAMATH,BOY,2012,494.199
1131,Italy,ITA,2012,36486.29679,ITA,PISAMATH,GIRL,2012,475.794
1132,Italy,ITA,2012,36486.29679,ITA,PISAMATH,TOT,2012,485.0
1133,Italy,ITA,2012,36486.29679,ITA,PISAREAD,BOY,2012,470.938
1134,Italy,ITA,2012,36486.29679,ITA,PISAREAD,GIRL,2012,509.945
1135,Italy,ITA,2012,36486.29679,ITA,PISAREAD,TOT,2012,490.0
1136,Italy,ITA,2012,36486.29679,ITA,PISASCIENCE,BOY,2012,494.897
1137,Italy,ITA,2012,36486.29679,ITA,PISASCIENCE,GIRL,2012,492.087
1138,Italy,ITA,2012,36486.29679,ITA,PISASCIENCE,TOT,2012,494.0
1139,Japan,JPN,2012,37191.38595,JPN,PISAMATH,BOY,2012,544.884
1140,Japan,JPN,2012,37191.38595,JPN,PISAMATH,GIRL,2012,527.011
1141,Japan,JPN,2012,37191.38595,JPN,PISAMATH,TOT,2012,536.0
1142,Japan,JPN,2012,37191.38595,JPN,PISAREAD,BOY,2012,526.618
1143,Japan,JPN,2012,37191.38595,JPN,PISAREAD,GIRL,2012,550.724
1144,Japan,JPN,2012,37191.38595,JPN,PISAREAD,TOT,2012,538.0
1145,Japan,JPN,2012,37191.38595,JPN,PISASCIENCE,BOY,2012,551.947
1146,Japan,JPN,2012,37191.38595,JPN,PISASCIENCE,GIRL,2012,540.959
1147,Japan,JPN,2012,37191.38595,JPN,PISASCIENCE,TOT,2012,547.0
1148,"Korea, Rep.",KOR,2012,32097.164,KOR,PISAMATH,BOY,2012,562.114
1149,"Korea, Rep.",KOR,2012,32097.164,KOR,PISAMATH,GIRL,2012,544.193
1150,"Korea, Rep.",KOR,2012,32097.164,KOR,PISAMATH,TOT,2012,554.0
1151,"Korea, Rep.",KOR,2012,32097.164,KOR,PISAREAD,BOY,2012,524.965
1152,"Korea, Rep.",KOR,2012,32097.164,KOR,PISAREAD,GIRL,2012,548.207
1153,"Korea, Rep.",KOR,2012,32097.164,KOR,PISAREAD,TOT,2012,536.0
1154,"Korea, Rep.",KOR,2012,32097.164,KOR,PISASCIENCE,BOY,2012,539.408
1155,"Korea, Rep.",KOR,2012,32097.164,KOR,PISASCIENCE,GIRL,2012,535.93
1156,"Korea, Rep.",KOR,2012,32097.164,KOR,PISASCIENCE,TOT,2012,538.0
1157,Luxembourg,LUX,2012,91622.17742,LUX,PISAMATH,BOY,2012,502.193
1158,Luxembourg,LUX,2012,91622.17742,LUX,PISAMATH,GIRL,2012,477.117
1159,Luxembourg,LUX,2012,91622.17742,LUX,PISAMATH,TOT,2012,490.0
1160,Luxembourg,LUX,2012,91622.17742,LUX,PISAREAD,BOY,2012,473.046
1161,Luxembourg,LUX,2012,91622.17742,LUX,PISAREAD,GIRL,2012,503.024
1162,Luxembourg,LUX,2012,91622.17742,LUX,PISAREAD,TOT,2012,488.0
1163,Luxembourg,LUX,2012,91622.17742,LUX,PISASCIENCE,BOY,2012,498.715
1164,Luxembourg,LUX,2012,91622.17742,LUX,PISASCIENCE,GIRL,2012,483.484
1165,Luxembourg,LUX,2012,91622.17742,LUX,PISASCIENCE,TOT,2012,491.0
1166,Latvia,LVA,2012,21291.1197,LVA,PISAMATH,TOT,2012,491.0
1167,Latvia,LVA,2012,21291.1197,LVA,PISAREAD,TOT,2012,489.0
1168,Latvia,LVA,2012,21291.1197,LVA,PISASCIENCE,TOT,2012,502.0
1169,Mexico,MEX,2012,17162.92752,MEX,PISAMATH,BOY,2012,420.411
1170,Mexico,MEX,2012,17162.92752,MEX,PISAMATH,GIRL,2012,406.427
1171,Mexico,MEX,2012,17162.92752,MEX,PISAMATH,TOT,2012,413.0
1172,Mexico,MEX,2012,17162.92752,MEX,PISAREAD,BOY,2012,411.365
1173,Mexico,MEX,2012,17162.92752,MEX,PISAREAD,GIRL,2012,435.272
1174,Mexico,MEX,2012,17162.92752,MEX,PISAREAD,TOT,2012,424.0
1175,Mexico,MEX,2012,17162.92752,MEX,PISASCIENCE,BOY,2012,418.128
1176,Mexico,MEX,2012,17162.92752,MEX,PISASCIENCE,GIRL,2012,411.836
1177,Mexico,MEX,2012,17162.92752,MEX,PISASCIENCE,TOT,2012,415.0
1178,Netherlands,NLD,2012,47272.10302,NLD,PISAMATH,BOY,2012,527.967
1179,Netherlands,NLD,2012,47272.10302,NLD,PISAMATH,GIRL,2012,517.738
1180,Netherlands,NLD,2012,47272.10302,NLD,PISAMATH,TOT,2012,523.0
1181,Netherlands,NLD,2012,47272.10302,NLD,PISAREAD,BOY,2012,498.317
1182,Netherlands,NLD,2012,47272.10302,NLD,PISAREAD,GIRL,2012,524.761
1183,Netherlands,NLD,2012,47272.10302,NLD,PISAREAD,TOT,2012,511.0
1184,Netherlands,NLD,2012,47272.10302,NLD,PISASCIENCE,BOY,2012,523.622
1185,Netherlands,NLD,2012,47272.10302,NLD,PISASCIENCE,GIRL,2012,520.415
1186,Netherlands,NLD,2012,47272.10302,NLD,PISASCIENCE,TOT,2012,522.0
1187,Norway,NOR,2012,65354.77925,NOR,PISAMATH,BOY,2012,490.399
1188,Norway,NOR,2012,65354.77925,NOR,PISAMATH,GIRL,2012,488.293
1189,Norway,NOR,2012,65354.77925,NOR,PISAMATH,TOT,2012,489.0
1190,Norway,NOR,2012,65354.77925,NOR,PISAREAD,BOY,2012,481.284
1191,Norway,NOR,2012,65354.77925,NOR,PISAREAD,GIRL,2012,527.771
1192,Norway,NOR,2012,65354.77925,NOR,PISAREAD,TOT,2012,504.0
1193,Norway,NOR,2012,65354.77925,NOR,PISASCIENCE,BOY,2012,492.792
1194,Norway,NOR,2012,65354.77925,NOR,PISASCIENCE,GIRL,2012,496.346
1195,Norway,NOR,2012,65354.77925,NOR,PISASCIENCE,TOT,2012,495.0
1196,New Zealand,NZL,2012,32986.18289,NZL,PISAMATH,BOY,2012,507.112
1197,New Zealand,NZL,2012,32986.18289,NZL,PISAMATH,GIRL,2012,492.057
1198,New Zealand,NZL,2012,32986.18289,NZL,PISAMATH,TOT,2012,500.0
1199,New Zealand,NZL,2012,32986.18289,NZL,PISAREAD,BOY,2012,495.365
1200,New Zealand,NZL,2012,32986.18289,NZL,PISAREAD,GIRL,2012,529.765
1201,New Zealand,NZL,2012,32986.18289,NZL,PISAREAD,TOT,2012,512.0
1202,New Zealand,NZL,2012,32986.18289,NZL,PISASCIENCE,BOY,2012,517.875
1203,New Zealand,NZL,2012,32986.18289,NZL,PISASCIENCE,GIRL,2012,513.297
1204,New Zealand,NZL,2012,32986.18289,NZL,PISASCIENCE,TOT,2012,516.0
1205,Poland,POL,2012,23833.2097,POL,PISAMATH,BOY,2012,519.564
1206,Poland,POL,2012,23833.2097,POL,PISAMATH,GIRL,2012,515.533
1207,Poland,POL,2012,23833.2097,POL,PISAMATH,TOT,2012,518.0
1208,Poland,POL,2012,23833.2097,POL,PISAREAD,BOY,2012,496.706
1209,Poland,POL,2012,23833.2097,POL,PISAREAD,GIRL,2012,538.687
1210,Poland,POL,2012,23833.2097,POL,PISAREAD,TOT,2012,518.0
1211,Poland,POL,2012,23833.2097,POL,PISASCIENCE,BOY,2012,524.421
1212,Poland,POL,2012,23833.2097,POL,PISASCIENCE,GIRL,2012,527.149
1213,Poland,POL,2012,23833.2097,POL,PISASCIENCE,TOT,2012,526.0
1214,Portugal,PRT,2012,26438.0163,PRT,PISAMATH,BOY,2012,492.703
1215,Portugal,PRT,2012,26438.0163,PRT,PISAMATH,GIRL,2012,481.296
1216,Portugal,PRT,2012,26438.0163,PRT,PISAMATH,TOT,2012,487.0
1217,Portugal,PRT,2012,26438.0163,PRT,PISAREAD,BOY,2012,468.39
1218,Portugal,PRT,2012,26438.0163,PRT,PISAREAD,GIRL,2012,507.562
1219,Portugal,PRT,2012,26438.0163,PRT,PISAREAD,TOT,2012,488.0
1220,Portugal,PRT,2012,26438.0163,PRT,PISASCIENCE,BOY,2012,488.346
1221,Portugal,PRT,2012,26438.0163,PRT,PISASCIENCE,GIRL,2012,490.224
1222,Portugal,PRT,2012,26438.0163,PRT,PISASCIENCE,TOT,2012,489.0
1223,Russian Federation,RUS,2012,25784.56716,RUS,PISAMATH,BOY,2012,481.394
1224,Russian Federation,RUS,2012,25784.56716,RUS,PISAMATH,GIRL,2012,482.944
1225,Russian Federation,RUS,2012,25784.56716,RUS,PISAMATH,TOT,2012,482.0
1226,Russian Federation,RUS,2012,25784.56716,RUS,PISAREAD,BOY,2012,455.147
1227,Russian Federation,RUS,2012,25784.56716,RUS,PISAREAD,GIRL,2012,495.144
1228,Russian Federation,RUS,2012,25784.56716,RUS,PISAREAD,TOT,2012,475.0
1229,Russian Federation,RUS,2012,25784.56716,RUS,PISASCIENCE,BOY,2012,483.532
1230,Russian Federation,RUS,2012,25784.56716,RUS,PISASCIENCE,GIRL,2012,489.058
1231,Russian Federation,RUS,2012,25784.56716,RUS,PISASCIENCE,TOT,2012,487.0
1232,Slovak Republic,SVK,2012,26933.42222,SVK,PISAMATH,BOY,2012,486.134
1233,Slovak Republic,SVK,2012,26933.42222,SVK,PISAMATH,GIRL,2012,476.712
1234,Slovak Republic,SVK,2012,26933.42222,SVK,PISAMATH,TOT,2012,482.0
1235,Slovak Republic,SVK,2012,26933.42222,SVK,PISAREAD,BOY,2012,444.081
1236,Slovak Republic,SVK,2012,26933.42222,SVK,PISAREAD,GIRL,2012,483.303
1237,Slovak Republic,SVK,2012,26933.42222,SVK,PISAREAD,TOT,2012,463.0
1238,Slovak Republic,SVK,2012,26933.42222,SVK,PISASCIENCE,BOY,2012,474.658
1239,Slovak Republic,SVK,2012,26933.42222,SVK,PISASCIENCE,GIRL,2012,467.385
1240,Slovak Republic,SVK,2012,26933.42222,SVK,PISASCIENCE,TOT,2012,471.0
1241,Slovenia,SVN,2012,29042.82027,SVN,PISAMATH,BOY,2012,502.748
1242,Slovenia,SVN,2012,29042.82027,SVN,PISAMATH,GIRL,2012,499.387
1243,Slovenia,SVN,2012,29042.82027,SVN,PISAMATH,TOT,2012,501.0
1244,Slovenia,SVN,2012,29042.82027,SVN,PISAREAD,BOY,2012,454.466
1245,Slovenia,SVN,2012,29042.82027,SVN,PISAREAD,GIRL,2012,510.15
1246,Slovenia,SVN,2012,29042.82027,SVN,PISAREAD,TOT,2012,481.0
1247,Slovenia,SVN,2012,29042.82027,SVN,PISASCIENCE,BOY,2012,509.882
1248,Slovenia,SVN,2012,29042.82027,SVN,PISASCIENCE,GIRL,2012,518.717
1249,Slovenia,SVN,2012,29042.82027,SVN,PISASCIENCE,TOT,2012,514.0
1250,Sweden,SWE,2012,45304.41571,SWE,PISAMATH,BOY,2012,476.916
1251,Sweden,SWE,2012,45304.41571,SWE,PISAMATH,GIRL,2012,479.629
1252,Sweden,SWE,2012,45304.41571,SWE,PISAMATH,TOT,2012,478.0
1253,Sweden,SWE,2012,45304.41571,SWE,PISAREAD,BOY,2012,457.991
1254,Sweden,SWE,2012,45304.41571,SWE,PISAREAD,GIRL,2012,509.135
1255,Sweden,SWE,2012,45304.41571,SWE,PISAREAD,TOT,2012,483.0
1256,Sweden,SWE,2012,45304.41571,SWE,PISASCIENCE,BOY,2012,481.151
1257,Sweden,SWE,2012,45304.41571,SWE,PISASCIENCE,GIRL,2012,488.513
1258,Sweden,SWE,2012,45304.41571,SWE,PISASCIENCE,TOT,2012,485.0
1259,Turkey,TUR,2012,20616.86987,TUR,PISAMATH,BOY,2012,451.934
1260,Turkey,TUR,2012,20616.86987,TUR,PISAMATH,GIRL,2012,443.948
1261,Turkey,TUR,2012,20616.86987,TUR,PISAMATH,TOT,2012,448.0
1262,Turkey,TUR,2012,20616.86987,TUR,PISAREAD,BOY,2012,452.843
1263,Turkey,TUR,2012,20616.86987,TUR,PISAREAD,GIRL,2012,498.64
1264,Turkey,TUR,2012,20616.86987,TUR,PISAREAD,TOT,2012,475.0
1265,Turkey,TUR,2012,20616.86987,TUR,PISASCIENCE,BOY,2012,458.316
1266,Turkey,TUR,2012,20616.86987,TUR,PISASCIENCE,GIRL,2012,468.622
1267,Turkey,TUR,2012,20616.86987,TUR,PISASCIENCE,TOT,2012,463.0
1268,United States,USA,2012,51603.49726,USA,PISAMATH,BOY,2012,483.647
1269,United States,USA,2012,51603.49726,USA,PISAMATH,GIRL,2012,478.995
1270,United States,USA,2012,51603.49726,USA,PISAMATH,TOT,2012,481.0
1271,United States,USA,2012,51603.49726,USA,PISAREAD,BOY,2012,482.498
1272,United States,USA,2012,51603.49726,USA,PISAREAD,GIRL,2012,513.269
1273,United States,USA,2012,51603.49726,USA,PISAREAD,TOT,2012,498.0
1274,United States,USA,2012,51603.49726,USA,PISASCIENCE,BOY,2012,496.529
1275,United States,USA,2012,51603.49726,USA,PISASCIENCE,GIRL,2012,498.325
1276,United States,USA,2012,51603.49726,USA,PISASCIENCE,TOT,2012,497.0
1277,Australia,AUS,2015,46276.15069,AUS,PISAMATH,BOY,2015,497.0
1278,Australia,AUS,2015,46276.15069,AUS,PISAMATH,GIRL,2015,491.0
1279,Australia,AUS,2015,46276.15069,AUS,PISAMATH,TOT,2015,494.0
1280,Australia,AUS,2015,46276.15069,AUS,PISAREAD,BOY,2015,487.0
1281,Australia,AUS,2015,46276.15069,AUS,PISAREAD,GIRL,2015,519.0
1282,Australia,AUS,2015,46276.15069,AUS,PISAREAD,TOT,2015,503.0
1283,Australia,AUS,2015,46276.15069,AUS,PISASCIENCE,BOY,2015,511.0
1284,Australia,AUS,2015,46276.15069,AUS,PISASCIENCE,GIRL,2015,509.0
1285,Australia,AUS,2015,46276.15069,AUS,PISASCIENCE,TOT,2015,510.0
1286,Austria,AUT,2015,49879.26647,AUT,PISAMATH,BOY,2015,510.0
1287,Austria,AUT,2015,49879.26647,AUT,PISAMATH,GIRL,2015,483.0
1288,Austria,AUT,2015,49879.26647,AUT,PISAMATH,TOT,2015,497.0
1289,Austria,AUT,2015,49879.26647,AUT,PISAREAD,BOY,2015,475.0
1290,Austria,AUT,2015,49879.26647,AUT,PISAREAD,GIRL,2015,495.0
1291,Austria,AUT,2015,49879.26647,AUT,PISAREAD,TOT,2015,485.0
1292,Austria,AUT,2015,49879.26647,AUT,PISASCIENCE,BOY,2015,504.0
1293,Austria,AUT,2015,49879.26647,AUT,PISASCIENCE,GIRL,2015,486.0
1294,Austria,AUT,2015,49879.26647,AUT,PISASCIENCE,TOT,2015,495.0
1295,Belgium,BEL,2015,46213.26653,BEL,PISAMATH,BOY,2015,514.0
1296,Belgium,BEL,2015,46213.26653,BEL,PISAMATH,GIRL,2015,500.0
1297,Belgium,BEL,2015,46213.26653,BEL,PISAMATH,TOT,2015,507.0
1298,Belgium,BEL,2015,46213.26653,BEL,PISAREAD,BOY,2015,491.0
1299,Belgium,BEL,2015,46213.26653,BEL,PISAREAD,GIRL,2015,507.0
1300,Belgium,BEL,2015,46213.26653,BEL,PISAREAD,TOT,2015,499.0
1301,Belgium,BEL,2015,46213.26653,BEL,PISASCIENCE,BOY,2015,508.0
1302,Belgium,BEL,2015,46213.26653,BEL,PISASCIENCE,GIRL,2015,496.0
1303,Belgium,BEL,2015,46213.26653,BEL,PISASCIENCE,TOT,2015,502.0
1304,Brazil,BRA,2015,15813.85544,BRA,PISAMATH,BOY,2015,385.0
1305,Brazil,BRA,2015,15813.85544,BRA,PISAMATH,GIRL,2015,370.0
1306,Brazil,BRA,2015,15813.85544,BRA,PISAMATH,TOT,2015,377.0
1307,Brazil,BRA,2015,15813.85544,BRA,PISAREAD,BOY,2015,395.0
1308,Brazil,BRA,2015,15813.85544,BRA,PISAREAD,GIRL,2015,419.0
1309,Brazil,BRA,2015,15813.85544,BRA,PISAREAD,TOT,2015,407.0
1310,Brazil,BRA,2015,15813.85544,BRA,PISASCIENCE,BOY,2015,403.0
1311,Brazil,BRA,2015,15813.85544,BRA,PISASCIENCE,GIRL,2015,399.0
1312,Brazil,BRA,2015,15813.85544,BRA,PISASCIENCE,TOT,2015,401.0
1313,Canada,CAN,2015,44567.86635,CAN,PISAMATH,BOY,2015,520.0
1314,Canada,CAN,2015,44567.86635,CAN,PISAMATH,GIRL,2015,511.0
1315,Canada,CAN,2015,44567.86635,CAN,PISAMATH,TOT,2015,516.0
1316,Canada,CAN,2015,44567.86635,CAN,PISAREAD,BOY,2015,514.0
1317,Canada,CAN,2015,44567.86635,CAN,PISAREAD,GIRL,2015,540.0
1318,Canada,CAN,2015,44567.86635,CAN,PISAREAD,TOT,2015,527.0
1319,Canada,CAN,2015,44567.86635,CAN,PISASCIENCE,BOY,2015,528.0
1320,Canada,CAN,2015,44567.86635,CAN,PISASCIENCE,GIRL,2015,527.0
1321,Canada,CAN,2015,44567.86635,CAN,PISASCIENCE,TOT,2015,528.0
1322,Switzerland,CHE,2015,63938.98939,CHE,PISAMATH,BOY,2015,527.0
1323,Switzerland,CHE,2015,63938.98939,CHE,PISAMATH,GIRL,2015,515.0
1324,Switzerland,CHE,2015,63938.98939,CHE,PISAMATH,TOT,2015,521.0
1325,Switzerland,CHE,2015,63938.98939,CHE,PISAREAD,BOY,2015,480.0
1326,Switzerland,CHE,2015,63938.98939,CHE,PISAREAD,GIRL,2015,505.0
1327,Switzerland,CHE,2015,63938.98939,CHE,PISAREAD,TOT,2015,492.0
1328,Switzerland,CHE,2015,63938.98939,CHE,PISASCIENCE,BOY,2015,508.0
1329,Switzerland,CHE,2015,63938.98939,CHE,PISASCIENCE,GIRL,2015,502.0
1330,Switzerland,CHE,2015,63938.98939,CHE,PISASCIENCE,TOT,2015,506.0
1331,Chile,CHL,2015,22688.01003,CHL,PISAMATH,BOY,2015,432.0
1332,Chile,CHL,2015,22688.01003,CHL,PISAMATH,GIRL,2015,413.0
1333,Chile,CHL,2015,22688.01003,CHL,PISAMATH,TOT,2015,423.0
1334,Chile,CHL,2015,22688.01003,CHL,PISAREAD,BOY,2015,453.0
1335,Chile,CHL,2015,22688.01003,CHL,PISAREAD,GIRL,2015,465.0
1336,Chile,CHL,2015,22688.01003,CHL,PISAREAD,TOT,2015,459.0
1337,Chile,CHL,2015,22688.01003,CHL,PISASCIENCE,BOY,2015,454.0
1338,Chile,CHL,2015,22688.01003,CHL,PISASCIENCE,GIRL,2015,440.0
1339,Chile,CHL,2015,22688.01003,CHL,PISASCIENCE,TOT,2015,447.0
1340,Colombia,COL,2015,14006.15358,COL,PISAMATH,TOT,2015,390.0
1341,Colombia,COL,2015,14006.15358,COL,PISAMATH,BOY,2015,395.0
1342,Colombia,COL,2015,14006.15358,COL,PISAMATH,GIRL,2015,384.0
1343,Colombia,COL,2015,14006.15358,COL,PISAREAD,TOT,2015,425.0
1344,Colombia,COL,2015,14006.15358,COL,PISAREAD,BOY,2015,417.0
1345,Colombia,COL,2015,14006.15358,COL,PISAREAD,GIRL,2015,432.0
1346,Colombia,COL,2015,14006.15358,COL,PISASCIENCE,TOT,2015,416.0
1347,Colombia,COL,2015,14006.15358,COL,PISASCIENCE,BOY,2015,421.0
1348,Colombia,COL,2015,14006.15358,COL,PISASCIENCE,GIRL,2015,411.0
1349,Czech Republic,CZE,2015,33691.42424,CZE,PISAMATH,BOY,2015,496.0
1350,Czech Republic,CZE,2015,33691.42424,CZE,PISAMATH,GIRL,2015,489.0
1351,Czech Republic,CZE,2015,33691.42424,CZE,PISAMATH,TOT,2015,492.0
1352,Czech Republic,CZE,2015,33691.42424,CZE,PISAREAD,BOY,2015,475.0
1353,Czech Republic,CZE,2015,33691.42424,CZE,PISAREAD,GIRL,2015,501.0
1354,Czech Republic,CZE,2015,33691.42424,CZE,PISAREAD,TOT,2015,487.0
1355,Czech Republic,CZE,2015,33691.42424,CZE,PISASCIENCE,BOY,2015,497.0
1356,Czech Republic,CZE,2015,33691.42424,CZE,PISASCIENCE,GIRL,2015,488.0
1357,Czech Republic,CZE,2015,33691.42424,CZE,PISASCIENCE,TOT,2015,493.0
1358,Germany,DEU,2015,47683.7886,DEU,PISAMATH,BOY,2015,514.0
1359,Germany,DEU,2015,47683.7886,DEU,PISAMATH,GIRL,2015,498.0
1360,Germany,DEU,2015,47683.7886,DEU,PISAMATH,TOT,2015,506.0
1361,Germany,DEU,2015,47683.7886,DEU,PISAREAD,BOY,2015,499.0
1362,Germany,DEU,2015,47683.7886,DEU,PISAREAD,GIRL,2015,520.0
1363,Germany,DEU,2015,47683.7886,DEU,PISAREAD,TOT,2015,509.0
1364,Germany,DEU,2015,47683.7886,DEU,PISASCIENCE,BOY,2015,514.0
1365,Germany,DEU,2015,47683.7886,DEU,PISASCIENCE,GIRL,2015,504.0
1366,Germany,DEU,2015,47683.7886,DEU,PISASCIENCE,TOT,2015,509.0
1367,Denmark,DNK,2015,49058.50107,DNK,PISAMATH,BOY,2015,516.0
1368,Denmark,DNK,2015,49058.50107,DNK,PISAMATH,GIRL,2015,506.0
1369,Denmark,DNK,2015,49058.50107,DNK,PISAMATH,TOT,2015,511.0
1370,Denmark,DNK,2015,49058.50107,DNK,PISAREAD,BOY,2015,489.0
1371,Denmark,DNK,2015,49058.50107,DNK,PISAREAD,GIRL,2015,511.0
1372,Denmark,DNK,2015,49058.50107,DNK,PISAREAD,TOT,2015,500.0
1373,Denmark,DNK,2015,49058.50107,DNK,PISASCIENCE,BOY,2015,505.0
1374,Denmark,DNK,2015,49058.50107,DNK,PISASCIENCE,GIRL,2015,499.0
1375,Denmark,DNK,2015,49058.50107,DNK,PISASCIENCE,TOT,2015,502.0
1376,Spain,ESP,2015,34912.47613,ESP,PISAMATH,BOY,2015,494.0
1377,Spain,ESP,2015,34912.47613,ESP,PISAMATH,GIRL,2015,478.0
1378,Spain,ESP,2015,34912.47613,ESP,PISAMATH,TOT,2015,486.0
1379,Spain,ESP,2015,34912.47613,ESP,PISAREAD,BOY,2015,485.0
1380,Spain,ESP,2015,34912.47613,ESP,PISAREAD,GIRL,2015,506.0
1381,Spain,ESP,2015,34912.47613,ESP,PISAREAD,TOT,2015,496.0
1382,Spain,ESP,2015,34912.47613,ESP,PISASCIENCE,BOY,2015,496.0
1383,Spain,ESP,2015,34912.47613,ESP,PISASCIENCE,GIRL,2015,489.0
1384,Spain,ESP,2015,34912.47613,ESP,PISASCIENCE,TOT,2015,493.0
1385,Estonia,EST,2015,29397.12984,EST,PISAMATH,BOY,2015,522.0
1386,Estonia,EST,2015,29397.12984,EST,PISAMATH,GIRL,2015,517.0
1387,Estonia,EST,2015,29397.12984,EST,PISAMATH,TOT,2015,520.0
1388,Estonia,EST,2015,29397.12984,EST,PISAREAD,BOY,2015,505.0
1389,Estonia,EST,2015,29397.12984,EST,PISAREAD,GIRL,2015,533.0
1390,Estonia,EST,2015,29397.12984,EST,PISAREAD,TOT,2015,519.0
1391,Estonia,EST,2015,29397.12984,EST,PISASCIENCE,BOY,2015,536.0
1392,Estonia,EST,2015,29397.12984,EST,PISASCIENCE,GIRL,2015,533.0
1393,Estonia,EST,2015,29397.12984,EST,PISASCIENCE,TOT,2015,534.0
1394,Finland,FIN,2015,42535.47517,FIN,PISAMATH,BOY,2015,507.0
1395,Finland,FIN,2015,42535.47517,FIN,PISAMATH,GIRL,2015,515.0
1396,Finland,FIN,2015,42535.47517,FIN,PISAMATH,TOT,2015,511.0
1397,Finland,FIN,2015,42535.47517,FIN,PISAREAD,BOY,2015,504.0
1398,Finland,FIN,2015,42535.47517,FIN,PISAREAD,GIRL,2015,551.0
1399,Finland,FIN,2015,42535.47517,FIN,PISAREAD,TOT,2015,526.0
1400,Finland,FIN,2015,42535.47517,FIN,PISASCIENCE,BOY,2015,521.0
1401,Finland,FIN,2015,42535.47517,FIN,PISASCIENCE,GIRL,2015,541.0
1402,Finland,FIN,2015,42535.47517,FIN,PISASCIENCE,TOT,2015,531.0
1403,France,FRA,2015,40833.24207,FRA,PISAMATH,BOY,2015,496.0
1404,France,FRA,2015,40833.24207,FRA,PISAMATH,GIRL,2015,490.0
1405,France,FRA,2015,40833.24207,FRA,PISAMATH,TOT,2015,493.0
1406,France,FRA,2015,40833.24207,FRA,PISAREAD,BOY,2015,485.0
1407,France,FRA,2015,40833.24207,FRA,PISAREAD,GIRL,2015,514.0
1408,France,FRA,2015,40833.24207,FRA,PISAREAD,TOT,2015,499.0
1409,France,FRA,2015,40833.24207,FRA,PISASCIENCE,BOY,2015,496.0
1410,France,FRA,2015,40833.24207,FRA,PISASCIENCE,GIRL,2015,494.0
1411,France,FRA,2015,40833.24207,FRA,PISASCIENCE,TOT,2015,495.0
1412,United Kingdom,GBR,2015,42509.88817,GBR,PISAMATH,BOY,2015,498.0
1413,United Kingdom,GBR,2015,42509.88817,GBR,PISAMATH,GIRL,2015,487.0
1414,United Kingdom,GBR,2015,42509.88817,GBR,PISAMATH,TOT,2015,492.0
1415,United Kingdom,GBR,2015,42509.88817,GBR,PISAREAD,BOY,2015,487.0
1416,United Kingdom,GBR,2015,42509.88817,GBR,PISAREAD,GIRL,2015,509.0
1417,United Kingdom,GBR,2015,42509.88817,GBR,PISAREAD,TOT,2015,498.0
1418,United Kingdom,GBR,2015,42509.88817,GBR,PISASCIENCE,BOY,2015,510.0
1419,United Kingdom,GBR,2015,42509.88817,GBR,PISASCIENCE,GIRL,2015,509.0
1420,United Kingdom,GBR,2015,42509.88817,GBR,PISASCIENCE,TOT,2015,509.0
1421,Greece,GRC,2015,26902.52532,GRC,PISAMATH,BOY,2015,454.0
1422,Greece,GRC,2015,26902.52532,GRC,PISAMATH,GIRL,2015,454.0
1423,Greece,GRC,2015,26902.52532,GRC,PISAMATH,TOT,2015,454.0
1424,Greece,GRC,2015,26902.52532,GRC,PISAREAD,BOY,2015,449.0
1425,Greece,GRC,2015,26902.52532,GRC,PISAREAD,GIRL,2015,486.0
1426,Greece,GRC,2015,26902.52532,GRC,PISAREAD,TOT,2015,467.0
1427,Greece,GRC,2015,26902.52532,GRC,PISASCIENCE,BOY,2015,451.0
1428,Greece,GRC,2015,26902.52532,GRC,PISASCIENCE,GIRL,2015,459.0
1429,Greece,GRC,2015,26902.52532,GRC,PISASCIENCE,TOT,2015,455.0
1430,"Hong Kong SAR, China",HKG,2015,57235.19123,HKG,PISAMATH,TOT,2015,548.0
1431,"Hong Kong SAR, China",HKG,2015,57235.19123,HKG,PISAMATH,BOY,2015,549.0
1432,"Hong Kong SAR, China",HKG,2015,57235.19123,HKG,PISAMATH,GIRL,2015,547.0
1433,"Hong Kong SAR, China",HKG,2015,57235.19123,HKG,PISAREAD,TOT,2015,527.0
1434,"Hong Kong SAR, China",HKG,2015,57235.19123,HKG,PISAREAD,BOY,2015,513.0
1435,"Hong Kong SAR, China",HKG,2015,57235.19123,HKG,PISAREAD,GIRL,2015,541.0
1436,"Hong Kong SAR, China",HKG,2015,57235.19123,HKG,PISASCIENCE,TOT,2015,523.0
1437,"Hong Kong SAR, China",HKG,2015,57235.19123,HKG,PISASCIENCE,BOY,2015,523.0
1438,"Hong Kong SAR, China",HKG,2015,57235.19123,HKG,PISASCIENCE,GIRL,2015,524.0
1439,Hungary,HUN,2015,26668.04088,HUN,PISAMATH,BOY,2015,481.0
1440,Hungary,HUN,2015,26668.04088,HUN,PISAMATH,GIRL,2015,473.0
1441,Hungary,HUN,2015,26668.04088,HUN,PISAMATH,TOT,2015,477.0
1442,Hungary,HUN,2015,26668.04088,HUN,PISAREAD,BOY,2015,457.0
1443,Hungary,HUN,2015,26668.04088,HUN,PISAREAD,GIRL,2015,482.0
1444,Hungary,HUN,2015,26668.04088,HUN,PISAREAD,TOT,2015,470.0
1445,Hungary,HUN,2015,26668.04088,HUN,PISASCIENCE,BOY,2015,478.0
1446,Hungary,HUN,2015,26668.04088,HUN,PISASCIENCE,GIRL,2015,475.0
1447,Hungary,HUN,2015,26668.04088,HUN,PISASCIENCE,TOT,2015,477.0
1448,Indonesia,IDN,2015,11063.06221,IDN,PISAMATH,BOY,2015,385.0
1449,Indonesia,IDN,2015,11063.06221,IDN,PISAMATH,GIRL,2015,387.0
1450,Indonesia,IDN,2015,11063.06221,IDN,PISAMATH,TOT,2015,386.0
1451,Indonesia,IDN,2015,11063.06221,IDN,PISAREAD,BOY,2015,386.0
1452,Indonesia,IDN,2015,11063.06221,IDN,PISAREAD,GIRL,2015,409.0
1453,Indonesia,IDN,2015,11063.06221,IDN,PISAREAD,TOT,2015,397.0
1454,Indonesia,IDN,2015,11063.06221,IDN,PISASCIENCE,BOY,2015,401.0
1455,Indonesia,IDN,2015,11063.06221,IDN,PISASCIENCE,GIRL,2015,405.0
1456,Indonesia,IDN,2015,11063.06221,IDN,PISASCIENCE,TOT,2015,403.0
1457,Ireland,IRL,2015,69056.04604,IRL,PISAMATH,BOY,2015,512.0
1458,Ireland,IRL,2015,69056.04604,IRL,PISAMATH,GIRL,2015,495.0
1459,Ireland,IRL,2015,69056.04604,IRL,PISAMATH,TOT,2015,504.0
1460,Ireland,IRL,2015,69056.04604,IRL,PISAREAD,BOY,2015,515.0
1461,Ireland,IRL,2015,69056.04604,IRL,PISAREAD,GIRL,2015,527.0
1462,Ireland,IRL,2015,69056.04604,IRL,PISAREAD,TOT,2015,521.0
1463,Ireland,IRL,2015,69056.04604,IRL,PISASCIENCE,BOY,2015,508.0
1464,Ireland,IRL,2015,69056.04604,IRL,PISASCIENCE,GIRL,2015,497.0
1465,Ireland,IRL,2015,69056.04604,IRL,PISASCIENCE,TOT,2015,503.0
1466,Iceland,ISL,2015,48728.09936,ISL,PISAMATH,BOY,2015,487.0
1467,Iceland,ISL,2015,48728.09936,ISL,PISAMATH,GIRL,2015,489.0
1468,Iceland,ISL,2015,48728.09936,ISL,PISAMATH,TOT,2015,488.0
1469,Iceland,ISL,2015,48728.09936,ISL,PISAREAD,BOY,2015,460.0
1470,Iceland,ISL,2015,48728.09936,ISL,PISAREAD,GIRL,2015,502.0
1471,Iceland,ISL,2015,48728.09936,ISL,PISAREAD,TOT,2015,482.0
1472,Iceland,ISL,2015,48728.09936,ISL,PISASCIENCE,BOY,2015,472.0
1473,Iceland,ISL,2015,48728.09936,ISL,PISASCIENCE,GIRL,2015,475.0
1474,Iceland,ISL,2015,48728.09936,ISL,PISASCIENCE,TOT,2015,473.0
1475,Israel,ISR,2015,35436.81087,ISR,PISAMATH,BOY,2015,474.0
1476,Israel,ISR,2015,35436.81087,ISR,PISAMATH,GIRL,2015,466.0
1477,Israel,ISR,2015,35436.81087,ISR,PISAMATH,TOT,2015,470.0
1478,Israel,ISR,2015,35436.81087,ISR,PISAREAD,BOY,2015,467.0
1479,Israel,ISR,2015,35436.81087,ISR,PISAREAD,GIRL,2015,490.0
1480,Israel,ISR,2015,35436.81087,ISR,PISAREAD,TOT,2015,479.0
1481,Israel,ISR,2015,35436.81087,ISR,PISASCIENCE,BOY,2015,469.0
1482,Israel,ISR,2015,35436.81087,ISR,PISASCIENCE,GIRL,2015,464.0
1483,Israel,ISR,2015,35436.81087,ISR,PISASCIENCE,TOT,2015,467.0
1484,Italy,ITA,2015,36909.32837,ITA,PISAMATH,BOY,2015,500.0
1485,Italy,ITA,2015,36909.32837,ITA,PISAMATH,GIRL,2015,480.0
1486,Italy,ITA,2015,36909.32837,ITA,PISAMATH,TOT,2015,490.0
1487,Italy,ITA,2015,36909.32837,ITA,PISAREAD,BOY,2015,477.0
1488,Italy,ITA,2015,36909.32837,ITA,PISAREAD,GIRL,2015,493.0
1489,Italy,ITA,2015,36909.32837,ITA,PISAREAD,TOT,2015,485.0
1490,Italy,ITA,2015,36909.32837,ITA,PISASCIENCE,BOY,2015,489.0
1491,Italy,ITA,2015,36909.32837,ITA,PISASCIENCE,GIRL,2015,472.0
1492,Italy,ITA,2015,36909.32837,ITA,PISASCIENCE,TOT,2015,481.0
1493,Japan,JPN,2015,40396.24321,JPN,PISAMATH,BOY,2015,539.0
1494,Japan,JPN,2015,40396.24321,JPN,PISAMATH,GIRL,2015,525.0
1495,Japan,JPN,2015,40396.24321,JPN,PISAMATH,TOT,2015,532.0
1496,Japan,JPN,2015,40396.24321,JPN,PISAREAD,BOY,2015,509.0
1497,Japan,JPN,2015,40396.24321,JPN,PISAREAD,GIRL,2015,523.0
1498,Japan,JPN,2015,40396.24321,JPN,PISAREAD,TOT,2015,516.0
1499,Japan,JPN,2015,40396.24321,JPN,PISASCIENCE,BOY,2015,545.0
1500,Japan,JPN,2015,40396.24321,JPN,PISASCIENCE,GIRL,2015,532.0
1501,Japan,JPN,2015,40396.24321,JPN,PISASCIENCE,TOT,2015,538.0
1502,"Korea, Rep.",KOR,2015,35760.73444,KOR,PISAMATH,BOY,2015,521.0
1503,"Korea, Rep.",KOR,2015,35760.73444,KOR,PISAMATH,GIRL,2015,528.0
1504,"Korea, Rep.",KOR,2015,35760.73444,KOR,PISAMATH,TOT,2015,524.0
1505,"Korea, Rep.",KOR,2015,35760.73444,KOR,PISAREAD,BOY,2015,498.0
1506,"Korea, Rep.",KOR,2015,35760.73444,KOR,PISAREAD,GIRL,2015,539.0
1507,"Korea, Rep.",KOR,2015,35760.73444,KOR,PISAREAD,TOT,2015,517.0
1508,"Korea, Rep.",KOR,2015,35760.73444,KOR,PISASCIENCE,BOY,2015,511.0
1509,"Korea, Rep.",KOR,2015,35760.73444,KOR,PISASCIENCE,GIRL,2015,521.0
1510,"Korea, Rep.",KOR,2015,35760.73444,KOR,PISASCIENCE,TOT,2015,516.0
1511,Luxembourg,LUX,2015,103750.7751,LUX,PISAMATH,BOY,2015,491.0
1512,Luxembourg,LUX,2015,103750.7751,LUX,PISAMATH,GIRL,2015,480.0
1513,Luxembourg,LUX,2015,103750.7751,LUX,PISAMATH,TOT,2015,486.0
1514,Luxembourg,LUX,2015,103750.7751,LUX,PISAREAD,BOY,2015,471.0
1515,Luxembourg,LUX,2015,103750.7751,LUX,PISAREAD,GIRL,2015,492.0
1516,Luxembourg,LUX,2015,103750.7751,LUX,PISAREAD,TOT,2015,481.0
1517,Luxembourg,LUX,2015,103750.7751,LUX,PISASCIENCE,BOY,2015,487.0
1518,Luxembourg,LUX,2015,103750.7751,LUX,PISASCIENCE,GIRL,2015,479.0
1519,Luxembourg,LUX,2015,103750.7751,LUX,PISASCIENCE,TOT,2015,483.0
1520,Latvia,LVA,2015,24830.93429,LVA,PISAMATH,BOY,2015,481.0
1521,Latvia,LVA,2015,24830.93429,LVA,PISAMATH,GIRL,2015,483.0
1522,Latvia,LVA,2015,24830.93429,LVA,PISAMATH,TOT,2015,482.0
1523,Latvia,LVA,2015,24830.93429,LVA,PISAREAD,BOY,2015,467.0
1524,Latvia,LVA,2015,24830.93429,LVA,PISAREAD,GIRL,2015,509.0
1525,Latvia,LVA,2015,24830.93429,LVA,PISAREAD,TOT,2015,488.0
1526,Latvia,LVA,2015,24830.93429,LVA,PISASCIENCE,BOY,2015,485.0
1527,Latvia,LVA,2015,24830.93429,LVA,PISASCIENCE,GIRL,2015,496.0
1528,Latvia,LVA,2015,24830.93429,LVA,PISASCIENCE,TOT,2015,490.0
1529,"Macao SAR, China",MAC,2015,107069.5956,MAC,PISAMATH,TOT,2015,544.0
1530,"Macao SAR, China",MAC,2015,107069.5956,MAC,PISAMATH,BOY,2015,540.0
1531,"Macao SAR, China",MAC,2015,107069.5956,MAC,PISAMATH,GIRL,2015,548.0
1532,"Macao SAR, China",MAC,2015,107069.5956,MAC,PISAREAD,TOT,2015,509.0
1533,"Macao SAR, China",MAC,2015,107069.5956,MAC,PISAREAD,BOY,2015,493.0
1534,"Macao SAR, China",MAC,2015,107069.5956,MAC,PISAREAD,GIRL,2015,525.0
1535,"Macao SAR, China",MAC,2015,107069.5956,MAC,PISASCIENCE,TOT,2015,529.0
1536,"Macao SAR, China",MAC,2015,107069.5956,MAC,PISASCIENCE,BOY,2015,525.0
1537,"Macao SAR, China",MAC,2015,107069.5956,MAC,PISASCIENCE,GIRL,2015,532.0
1538,Mexico,MEX,2015,18284.88284,MEX,PISAMATH,BOY,2015,412.0
1539,Mexico,MEX,2015,18284.88284,MEX,PISAMATH,GIRL,2015,404.0
1540,Mexico,MEX,2015,18284.88284,MEX,PISAMATH,TOT,2015,408.0
1541,Mexico,MEX,2015,18284.88284,MEX,PISAREAD,BOY,2015,416.0
1542,Mexico,MEX,2015,18284.88284,MEX,PISAREAD,GIRL,2015,431.0
1543,Mexico,MEX,2015,18284.88284,MEX,PISAREAD,TOT,2015,423.0
1544,Mexico,MEX,2015,18284.88284,MEX,PISASCIENCE,BOY,2015,420.0
1545,Mexico,MEX,2015,18284.88284,MEX,PISASCIENCE,GIRL,2015,412.0
1546,Mexico,MEX,2015,18284.88284,MEX,PISASCIENCE,TOT,2015,416.0
1547,Netherlands,NLD,2015,50302.06775,NLD,PISAMATH,BOY,2015,513.0
1548,Netherlands,NLD,2015,50302.06775,NLD,PISAMATH,GIRL,2015,511.0
1549,Netherlands,NLD,2015,50302.06775,NLD,PISAMATH,TOT,2015,512.0
1550,Netherlands,NLD,2015,50302.06775,NLD,PISAREAD,BOY,2015,491.0
1551,Netherlands,NLD,2015,50302.06775,NLD,PISAREAD,GIRL,2015,515.0
1552,Netherlands,NLD,2015,50302.06775,NLD,PISAREAD,TOT,2015,503.0
1553,Netherlands,NLD,2015,50302.06775,NLD,PISASCIENCE,BOY,2015,511.0
1554,Netherlands,NLD,2015,50302.06775,NLD,PISASCIENCE,GIRL,2015,507.0
1555,Netherlands,NLD,2015,50302.06775,NLD,PISASCIENCE,TOT,2015,509.0
1556,Norway,NOR,2015,60385.11676,NOR,PISAMATH,BOY,2015,501.0
1557,Norway,NOR,2015,60385.11676,NOR,PISAMATH,GIRL,2015,503.0
1558,Norway,NOR,2015,60385.11676,NOR,PISAMATH,TOT,2015,502.0
1559,Norway,NOR,2015,60385.11676,NOR,PISAREAD,BOY,2015,494.0
1560,Norway,NOR,2015,60385.11676,NOR,PISAREAD,GIRL,2015,533.0
1561,Norway,NOR,2015,60385.11676,NOR,PISAREAD,TOT,2015,513.0
1562,Norway,NOR,2015,60385.11676,NOR,PISASCIENCE,BOY,2015,500.0
1563,Norway,NOR,2015,60385.11676,NOR,PISASCIENCE,GIRL,2015,497.0
1564,Norway,NOR,2015,60385.11676,NOR,PISASCIENCE,TOT,2015,498.0
1565,New Zealand,NZL,2015,37475.17836,NZL,PISAMATH,BOY,2015,499.0
1566,New Zealand,NZL,2015,37475.17836,NZL,PISAMATH,GIRL,2015,491.0
1567,New Zealand,NZL,2015,37475.17836,NZL,PISAMATH,TOT,2015,495.0
1568,New Zealand,NZL,2015,37475.17836,NZL,PISAREAD,BOY,2015,493.0
1569,New Zealand,NZL,2015,37475.17836,NZL,PISAREAD,GIRL,2015,526.0
1570,New Zealand,NZL,2015,37475.17836,NZL,PISAREAD,TOT,2015,509.0
1571,New Zealand,NZL,2015,37475.17836,NZL,PISASCIENCE,BOY,2015,516.0
1572,New Zealand,NZL,2015,37475.17836,NZL,PISASCIENCE,GIRL,2015,511.0
1573,New Zealand,NZL,2015,37475.17836,NZL,PISASCIENCE,TOT,2015,513.0
1574,Peru,PER,2015,12944.82234,PER,PISAMATH,TOT,2015,387.0
1575,Peru,PER,2015,12944.82234,PER,PISAMATH,BOY,2015,391.0
1576,Peru,PER,2015,12944.82234,PER,PISAMATH,GIRL,2015,382.0
1577,Peru,PER,2015,12944.82234,PER,PISAREAD,TOT,2015,398.0
1578,Peru,PER,2015,12944.82234,PER,PISAREAD,BOY,2015,394.0
1579,Peru,PER,2015,12944.82234,PER,PISAREAD,GIRL,2015,401.0
1580,Peru,PER,2015,12944.82234,PER,PISASCIENCE,TOT,2015,397.0
1581,Peru,PER,2015,12944.82234,PER,PISASCIENCE,BOY,2015,402.0
1582,Peru,PER,2015,12944.82234,PER,PISASCIENCE,GIRL,2015,392.0
1583,Poland,POL,2015,26856.03522,POL,PISAMATH,BOY,2015,510.0
1584,Poland,POL,2015,26856.03522,POL,PISAMATH,GIRL,2015,499.0
1585,Poland,POL,2015,26856.03522,POL,PISAMATH,TOT,2015,504.0
1586,Poland,POL,2015,26856.03522,POL,PISAREAD,BOY,2015,491.0
1587,Poland,POL,2015,26856.03522,POL,PISAREAD,GIRL,2015,521.0
1588,Poland,POL,2015,26856.03522,POL,PISAREAD,TOT,2015,506.0
1589,Poland,POL,2015,26856.03522,POL,PISASCIENCE,BOY,2015,504.0
1590,Poland,POL,2015,26856.03522,POL,PISASCIENCE,GIRL,2015,498.0
1591,Poland,POL,2015,26856.03522,POL,PISASCIENCE,TOT,2015,501.0
1592,Portugal,PRT,2015,29668.8592,PRT,PISAMATH,BOY,2015,497.0
1593,Portugal,PRT,2015,29668.8592,PRT,PISAMATH,GIRL,2015,487.0
1594,Portugal,PRT,2015,29668.8592,PRT,PISAMATH,TOT,2015,492.0
1595,Portugal,PRT,2015,29668.8592,PRT,PISAREAD,BOY,2015,490.0
1596,Portugal,PRT,2015,29668.8592,PRT,PISAREAD,GIRL,2015,507.0
1597,Portugal,PRT,2015,29668.8592,PRT,PISAREAD,TOT,2015,498.0
1598,Portugal,PRT,2015,29668.8592,PRT,PISASCIENCE,BOY,2015,506.0
1599,Portugal,PRT,2015,29668.8592,PRT,PISASCIENCE,GIRL,2015,496.0
1600,Portugal,PRT,2015,29668.8592,PRT,PISASCIENCE,TOT,2015,501.0
1601,Russian Federation,RUS,2015,24061.09937,RUS,PISAMATH,BOY,2015,497.0
1602,Russian Federation,RUS,2015,24061.09937,RUS,PISAMATH,GIRL,2015,491.0
1603,Russian Federation,RUS,2015,24061.09937,RUS,PISAMATH,TOT,2015,494.0
1604,Russian Federation,RUS,2015,24061.09937,RUS,PISAREAD,BOY,2015,481.0
1605,Russian Federation,RUS,2015,24061.09937,RUS,PISAREAD,GIRL,2015,507.0
1606,Russian Federation,RUS,2015,24061.09937,RUS,PISAREAD,TOT,2015,495.0
1607,Russian Federation,RUS,2015,24061.09937,RUS,PISASCIENCE,BOY,2015,489.0
1608,Russian Federation,RUS,2015,24061.09937,RUS,PISASCIENCE,GIRL,2015,485.0
1609,Singapore,SGP,2015,89007.4608,SGP,PISAMATH,BOY,2015,564.0
1610,Singapore,SGP,2015,89007.4608,SGP,PISAMATH,GIRL,2015,564.0
1611,Singapore,SGP,2015,89007.4608,SGP,PISAMATH,TOT,2015,564.0
1612,Singapore,SGP,2015,89007.4608,SGP,PISAREAD,BOY,2015,525.0
1613,Singapore,SGP,2015,89007.4608,SGP,PISAREAD,GIRL,2015,546.0
1614,Singapore,SGP,2015,89007.4608,SGP,PISAREAD,TOT,2015,535.0
1615,Singapore,SGP,2015,89007.4608,SGP,PISASCIENCE,BOY,2015,559.0
1616,Singapore,SGP,2015,89007.4608,SGP,PISASCIENCE,GIRL,2015,552.0
1617,Singapore,SGP,2015,89007.4608,SGP,PISASCIENCE,TOT,2015,556.0
1618,Slovak Republic,SVK,2015,29924.12155,SVK,PISAMATH,BOY,2015,478.0
1619,Slovak Republic,SVK,2015,29924.12155,SVK,PISAMATH,GIRL,2015,472.0
1620,Slovak Republic,SVK,2015,29924.12155,SVK,PISAMATH,TOT,2015,475.0
1621,Slovak Republic,SVK,2015,29924.12155,SVK,PISAREAD,BOY,2015,435.0
1622,Slovak Republic,SVK,2015,29924.12155,SVK,PISAREAD,GIRL,2015,471.0
1623,Slovak Republic,SVK,2015,29924.12155,SVK,PISAREAD,TOT,2015,453.0
1624,Slovak Republic,SVK,2015,29924.12155,SVK,PISASCIENCE,BOY,2015,460.0
1625,Slovak Republic,SVK,2015,29924.12155,SVK,PISASCIENCE,GIRL,2015,461.0
1626,Slovak Republic,SVK,2015,29924.12155,SVK,PISASCIENCE,TOT,2015,461.0
1627,Slovenia,SVN,2015,31636.75003,SVN,PISAMATH,BOY,2015,512.0
1628,Slovenia,SVN,2015,31636.75003,SVN,PISAMATH,GIRL,2015,508.0
1629,Slovenia,SVN,2015,31636.75003,SVN,PISAMATH,TOT,2015,510.0
1630,Slovenia,SVN,2015,31636.75003,SVN,PISAREAD,BOY,2015,484.0
1631,Slovenia,SVN,2015,31636.75003,SVN,PISAREAD,GIRL,2015,528.0
1632,Slovenia,SVN,2015,31636.75003,SVN,PISAREAD,TOT,2015,505.0
1633,Slovenia,SVN,2015,31636.75003,SVN,PISASCIENCE,BOY,2015,510.0
1634,Slovenia,SVN,2015,31636.75003,SVN,PISASCIENCE,GIRL,2015,516.0
1635,Slovenia,SVN,2015,31636.75003,SVN,PISASCIENCE,TOT,2015,513.0
1636,Sweden,SWE,2015,48975.00451,SWE,PISAMATH,BOY,2015,493.0
1637,Sweden,SWE,2015,48975.00451,SWE,PISAMATH,GIRL,2015,495.0
1638,Sweden,SWE,2015,48975.00451,SWE,PISAMATH,TOT,2015,494.0
1639,Sweden,SWE,2015,48975.00451,SWE,PISAREAD,BOY,2015,481.0
1640,Sweden,SWE,2015,48975.00451,SWE,PISAREAD,GIRL,2015,520.0
1641,Sweden,SWE,2015,48975.00451,SWE,PISAREAD,TOT,2015,500.0
1642,Sweden,SWE,2015,48975.00451,SWE,PISASCIENCE,BOY,2015,491.0
1643,Sweden,SWE,2015,48975.00451,SWE,PISASCIENCE,GIRL,2015,496.0
1644,Sweden,SWE,2015,48975.00451,SWE,PISASCIENCE,TOT,2015,493.0
1645,Turkey,TUR,2015,25625.57463,TUR,PISAMATH,BOY,2015,423.0
1646,Turkey,TUR,2015,25625.57463,TUR,PISAMATH,GIRL,2015,418.0
1647,Turkey,TUR,2015,25625.57463,TUR,PISAMATH,TOT,2015,420.0
1648,Turkey,TUR,2015,25625.57463,TUR,PISAREAD,BOY,2015,414.0
1649,Turkey,TUR,2015,25625.57463,TUR,PISAREAD,GIRL,2015,442.0
1650,Turkey,TUR,2015,25625.57463,TUR,PISAREAD,TOT,2015,428.0
1651,Turkey,TUR,2015,25625.57463,TUR,PISASCIENCE,BOY,2015,422.0
1652,Turkey,TUR,2015,25625.57463,TUR,PISASCIENCE,GIRL,2015,429.0
1653,Turkey,TUR,2015,25625.57463,TUR,PISASCIENCE,TOT,2015,425.0
1654,United States,USA,2015,56803.47243,USA,PISAMATH,BOY,2015,474.0
1655,United States,USA,2015,56803.47243,USA,PISAMATH,GIRL,2015,465.0
1656,United States,USA,2015,56803.47243,USA,PISAMATH,TOT,2015,470.0
1657,United States,USA,2015,56803.47243,USA,PISAREAD,BOY,2015,487.0
1658,United States,USA,2015,56803.47243,USA,PISAREAD,GIRL,2015,507.0
1659,United States,USA,2015,56803.47243,USA,PISAREAD,TOT,2015,497.0
1660,United States,USA,2015,56803.47243,USA,PISASCIENCE,BOY,2015,500.0
1661,United States,USA,2015,56803.47243,USA,PISASCIENCE,GIRL,2015,493.0
1662,United States,USA,2015,56803.47243,USA,PISASCIENCE,TOT,2015,496.0
1663,Australia,AUS,2018,51663.36509,AUS,PISAMATH,BOY,2018,494.0
1664,Australia,AUS,2018,51663.36509,AUS,PISAMATH,GIRL,2018,488.0
1665,Australia,AUS,2018,51663.36509,AUS,PISAMATH,TOT,2018,491.0
1666,Australia,AUS,2018,51663.36509,AUS,PISAREAD,BOY,2018,487.0
1667,Australia,AUS,2018,51663.36509,AUS,PISAREAD,GIRL,2018,519.0
1668,Australia,AUS,2018,51663.36509,AUS,PISAREAD,TOT,2018,503.0
1669,Australia,AUS,2018,51663.36509,AUS,PISASCIENCE,BOY,2018,504.0
1670,Australia,AUS,2018,51663.36509,AUS,PISASCIENCE,GIRL,2018,502.0
1671,Australia,AUS,2018,51663.36509,AUS,PISASCIENCE,TOT,2018,503.0
1672,Austria,AUT,2018,55454.68929,AUT,PISAMATH,BOY,2018,505.0
1673,Austria,AUT,2018,55454.68929,AUT,PISAMATH,GIRL,2018,492.0
1674,Austria,AUT,2018,55454.68929,AUT,PISAMATH,TOT,2018,499.0
1675,Austria,AUT,2018,55454.68929,AUT,PISAREAD,BOY,2018,471.0
1676,Austria,AUT,2018,55454.68929,AUT,PISAREAD,GIRL,2018,499.0
1677,Austria,AUT,2018,55454.68929,AUT,PISAREAD,TOT,2018,484.0
1678,Austria,AUT,2018,55454.68929,AUT,PISASCIENCE,BOY,2018,491.0
1679,Austria,AUT,2018,55454.68929,AUT,PISASCIENCE,GIRL,2018,489.0
1680,Austria,AUT,2018,55454.68929,AUT,PISASCIENCE,TOT,2018,490.0
1681,Belgium,BEL,2018,51407.99834,BEL,PISAMATH,BOY,2018,514.0
1682,Belgium,BEL,2018,51407.99834,BEL,PISAMATH,GIRL,2018,502.0
1683,Belgium,BEL,2018,51407.99834,BEL,PISAMATH,TOT,2018,508.0
1684,Belgium,BEL,2018,51407.99834,BEL,PISAREAD,BOY,2018,482.0
1685,Belgium,BEL,2018,51407.99834,BEL,PISAREAD,GIRL,2018,504.0
1686,Belgium,BEL,2018,51407.99834,BEL,PISAREAD,TOT,2018,493.0
1687,Belgium,BEL,2018,51407.99834,BEL,PISASCIENCE,BOY,2018,501.0
1688,Belgium,BEL,2018,51407.99834,BEL,PISASCIENCE,GIRL,2018,496.0
1689,Belgium,BEL,2018,51407.99834,BEL,PISASCIENCE,TOT,2018,499.0
1690,Brazil,BRA,2018,16096.40096,BRA,PISAMATH,BOY,2018,388.0
1691,Brazil,BRA,2018,16096.40096,BRA,PISAMATH,GIRL,2018,379.0
1692,Brazil,BRA,2018,16096.40096,BRA,PISAMATH,TOT,2018,384.0
1693,Brazil,BRA,2018,16096.40096,BRA,PISAREAD,BOY,2018,400.0
1694,Brazil,BRA,2018,16096.40096,BRA,PISAREAD,GIRL,2018,426.0
1695,Brazil,BRA,2018,16096.40096,BRA,PISAREAD,TOT,2018,413.0
1696,Brazil,BRA,2018,16096.40096,BRA,PISASCIENCE,BOY,2018,403.0
1697,Brazil,BRA,2018,16096.40096,BRA,PISASCIENCE,GIRL,2018,404.0
1698,Brazil,BRA,2018,16096.40096,BRA,PISASCIENCE,TOT,2018,404.0
1699,Canada,CAN,2018,48130.25597,CAN,PISAMATH,BOY,2018,514.0
1700,Canada,CAN,2018,48130.25597,CAN,PISAMATH,GIRL,2018,510.0
1701,Canada,CAN,2018,48130.25597,CAN,PISAMATH,TOT,2018,512.0
1702,Canada,CAN,2018,48130.25597,CAN,PISAREAD,BOY,2018,506.0
1703,Canada,CAN,2018,48130.25597,CAN,PISAREAD,GIRL,2018,535.0
1704,Canada,CAN,2018,48130.25597,CAN,PISAREAD,TOT,2018,520.0
1705,Canada,CAN,2018,48130.25597,CAN,PISASCIENCE,BOY,2018,516.0
1706,Canada,CAN,2018,48130.25597,CAN,PISASCIENCE,GIRL,2018,520.0
1707,Canada,CAN,2018,48130.25597,CAN,PISASCIENCE,TOT,2018,518.0
1708,Switzerland,CHE,2018,68060.94105,CHE,PISAMATH,BOY,2018,519.0
1709,Switzerland,CHE,2018,68060.94105,CHE,PISAMATH,GIRL,2018,512.0
1710,Switzerland,CHE,2018,68060.94105,CHE,PISAMATH,TOT,2018,515.0
1711,Switzerland,CHE,2018,68060.94105,CHE,PISAREAD,BOY,2018,469.0
1712,Switzerland,CHE,2018,68060.94105,CHE,PISAREAD,GIRL,2018,500.0
1713,Switzerland,CHE,2018,68060.94105,CHE,PISAREAD,TOT,2018,484.0
1714,Switzerland,CHE,2018,68060.94105,CHE,PISASCIENCE,BOY,2018,495.0
1715,Switzerland,CHE,2018,68060.94105,CHE,PISASCIENCE,GIRL,2018,495.0
1716,Switzerland,CHE,2018,68060.94105,CHE,PISASCIENCE,TOT,2018,495.0
1717,Chile,CHL,2018,25222.52778,CHL,PISAMATH,BOY,2018,421.0
1718,Chile,CHL,2018,25222.52778,CHL,PISAMATH,GIRL,2018,414.0
1719,Chile,CHL,2018,25222.52778,CHL,PISAMATH,TOT,2018,417.0
1720,Chile,CHL,2018,25222.52778,CHL,PISAREAD,BOY,2018,442.0
1721,Chile,CHL,2018,25222.52778,CHL,PISAREAD,GIRL,2018,462.0
1722,Chile,CHL,2018,25222.52778,CHL,PISAREAD,TOT,2018,452.0
1723,Chile,CHL,2018,25222.52778,CHL,PISASCIENCE,BOY,2018,445.0
1724,Chile,CHL,2018,25222.52778,CHL,PISASCIENCE,GIRL,2018,442.0
1725,Chile,CHL,2018,25222.52778,CHL,PISASCIENCE,TOT,2018,444.0
1726,Colombia,COL,2018,15012.93027,COL,PISAMATH,TOT,2018,391.0
1727,Colombia,COL,2018,15012.93027,COL,PISAMATH,BOY,2018,401.0
1728,Colombia,COL,2018,15012.93027,COL,PISAMATH,GIRL,2018,381.0
1729,Colombia,COL,2018,15012.93027,COL,PISAREAD,TOT,2018,412.0
1730,Colombia,COL,2018,15012.93027,COL,PISAREAD,BOY,2018,407.0
1731,Colombia,COL,2018,15012.93027,COL,PISAREAD,GIRL,2018,417.0
1732,Colombia,COL,2018,15012.93027,COL,PISASCIENCE,TOT,2018,413.0
1733,Colombia,COL,2018,15012.93027,COL,PISASCIENCE,BOY,2018,420.0
1734,Colombia,COL,2018,15012.93027,COL,PISASCIENCE,GIRL,2018,407.0
1735,Costa Rica,CRI,2018,17671.09535,CRI,PISAMATH,TOT,2018,402.0
1736,Costa Rica,CRI,2018,17671.09535,CRI,PISAMATH,BOY,2018,411.0
1737,Costa Rica,CRI,2018,17671.09535,CRI,PISAMATH,GIRL,2018,394.0
1738,Costa Rica,CRI,2018,17671.09535,CRI,PISAREAD,TOT,2018,426.0
1739,Costa Rica,CRI,2018,17671.09535,CRI,PISAREAD,BOY,2018,419.0
1740,Costa Rica,CRI,2018,17671.09535,CRI,PISAREAD,GIRL,2018,434.0
1741,Costa Rica,CRI,2018,17671.09535,CRI,PISASCIENCE,TOT,2018,416.0
1742,Costa Rica,CRI,2018,17671.09535,CRI,PISASCIENCE,BOY,2018,420.0
1743,Costa Rica,CRI,2018,17671.09535,CRI,PISASCIENCE,GIRL,2018,411.0
1744,Czech Republic,CZE,2018,39743.59709,CZE,PISAMATH,BOY,2018,501.0
1745,Czech Republic,CZE,2018,39743.59709,CZE,PISAMATH,GIRL,2018,498.0
1746,Czech Republic,CZE,2018,39743.59709,CZE,PISAMATH,TOT,2018,499.0
1747,Czech Republic,CZE,2018,39743.59709,CZE,PISAREAD,BOY,2018,474.0
1748,Czech Republic,CZE,2018,39743.59709,CZE,PISAREAD,GIRL,2018,507.0
1749,Czech Republic,CZE,2018,39743.59709,CZE,PISAREAD,TOT,2018,490.0
1750,Czech Republic,CZE,2018,39743.59709,CZE,PISASCIENCE,BOY,2018,496.0
1751,Czech Republic,CZE,2018,39743.59709,CZE,PISASCIENCE,GIRL,2018,498.0
1752,Czech Republic,CZE,2018,39743.59709,CZE,PISASCIENCE,TOT,2018,497.0
1753,Germany,DEU,2018,53074.54012,DEU,PISAMATH,BOY,2018,503.0
1754,Germany,DEU,2018,53074.54012,DEU,PISAMATH,GIRL,2018,496.0
1755,Germany,DEU,2018,53074.54012,DEU,PISAMATH,TOT,2018,500.0
1756,Germany,DEU,2018,53074.54012,DEU,PISAREAD,BOY,2018,486.0
1757,Germany,DEU,2018,53074.54012,DEU,PISAREAD,GIRL,2018,512.0
1758,Germany,DEU,2018,53074.54012,DEU,PISAREAD,TOT,2018,498.0
1759,Germany,DEU,2018,53074.54012,DEU,PISASCIENCE,BOY,2018,502.0
1760,Germany,DEU,2018,53074.54012,DEU,PISASCIENCE,GIRL,2018,504.0
1761,Germany,DEU,2018,53074.54012,DEU,PISASCIENCE,TOT,2018,503.0
1762,Denmark,DNK,2018,55671.16527,DNK,PISAMATH,BOY,2018,511.0
1763,Denmark,DNK,2018,55671.16527,DNK,PISAMATH,GIRL,2018,507.0
1764,Denmark,DNK,2018,55671.16527,DNK,PISAMATH,TOT,2018,509.0
1765,Denmark,DNK,2018,55671.16527,DNK,PISAREAD,BOY,2018,486.0
1766,Denmark,DNK,2018,55671.16527,DNK,PISAREAD,GIRL,2018,516.0
1767,Denmark,DNK,2018,55671.16527,DNK,PISAREAD,TOT,2018,501.0
1768,Denmark,DNK,2018,55671.16527,DNK,PISASCIENCE,BOY,2018,492.0
1769,Denmark,DNK,2018,55671.16527,DNK,PISASCIENCE,GIRL,2018,494.0
1770,Denmark,DNK,2018,55671.16527,DNK,PISASCIENCE,TOT,2018,493.0
1771,Spain,ESP,2018,39715.43906,ESP,PISAMATH,BOY,2018,485.0
1772,Spain,ESP,2018,39715.43906,ESP,PISAMATH,GIRL,2018,478.0
1773,Spain,ESP,2018,39715.43906,ESP,PISAMATH,TOT,2018,481.0
1774,Spain,ESP,2018,39715.43906,ESP,PISASCIENCE,BOY,2018,484.0
1775,Spain,ESP,2018,39715.43906,ESP,PISASCIENCE,GIRL,2018,482.0
1776,Spain,ESP,2018,39715.43906,ESP,PISASCIENCE,TOT,2018,483.0
1777,Estonia,EST,2018,35973.77646,EST,PISAMATH,BOY,2018,528.0
1778,Estonia,EST,2018,35973.77646,EST,PISAMATH,GIRL,2018,519.0
1779,Estonia,EST,2018,35973.77646,EST,PISAMATH,TOT,2018,523.0
1780,Estonia,EST,2018,35973.77646,EST,PISAREAD,BOY,2018,508.0
1781,Estonia,EST,2018,35973.77646,EST,PISAREAD,GIRL,2018,538.0
1782,Estonia,EST,2018,35973.77646,EST,PISAREAD,TOT,2018,523.0
1783,Estonia,EST,2018,35973.77646,EST,PISASCIENCE,BOY,2018,528.0
1784,Estonia,EST,2018,35973.77646,EST,PISASCIENCE,GIRL,2018,533.0
1785,Estonia,EST,2018,35973.77646,EST,PISASCIENCE,TOT,2018,530.0
1786,Finland,FIN,2018,48416.93603,FIN,PISAMATH,BOY,2018,504.0
1787,Finland,FIN,2018,48416.93603,FIN,PISAMATH,GIRL,2018,510.0
1788,Finland,FIN,2018,48416.93603,FIN,PISAMATH,TOT,2018,507.0
1789,Finland,FIN,2018,48416.93603,FIN,PISAREAD,BOY,2018,495.0
1790,Finland,FIN,2018,48416.93603,FIN,PISAREAD,GIRL,2018,546.0
1791,Finland,FIN,2018,48416.93603,FIN,PISAREAD,TOT,2018,520.0
1792,Finland,FIN,2018,48416.93603,FIN,PISASCIENCE,BOY,2018,510.0
1793,Finland,FIN,2018,48416.93603,FIN,PISASCIENCE,GIRL,2018,534.0
1794,Finland,FIN,2018,48416.93603,FIN,PISASCIENCE,TOT,2018,522.0
1795,France,FRA,2018,45342.39574,FRA,PISAMATH,BOY,2018,499.0
1796,France,FRA,2018,45342.39574,FRA,PISAMATH,GIRL,2018,492.0
1797,France,FRA,2018,45342.39574,FRA,PISAMATH,TOT,2018,495.0
1798,France,FRA,2018,45342.39574,FRA,PISAREAD,BOY,2018,480.0
1799,France,FRA,2018,45342.39574,FRA,PISAREAD,GIRL,2018,505.0
1800,France,FRA,2018,45342.39574,FRA,PISAREAD,TOT,2018,493.0
1801,France,FRA,2018,45342.39574,FRA,PISASCIENCE,BOY,2018,493.0
1802,France,FRA,2018,45342.39574,FRA,PISASCIENCE,GIRL,2018,493.0
1803,France,FRA,2018,45342.39574,FRA,PISASCIENCE,TOT,2018,493.0
1804,United Kingdom,GBR,2018,45973.5735,GBR,PISAMATH,BOY,2018,508.0
1805,United Kingdom,GBR,2018,45973.5735,GBR,PISAMATH,GIRL,2018,496.0
1806,United Kingdom,GBR,2018,45973.5735,GBR,PISAMATH,TOT,2018,502.0
1807,United Kingdom,GBR,2018,45973.5735,GBR,PISAREAD,BOY,2018,494.0
1808,United Kingdom,GBR,2018,45973.5735,GBR,PISAREAD,GIRL,2018,514.0
1809,United Kingdom,GBR,2018,45973.5735,GBR,PISAREAD,TOT,2018,504.0
1810,United Kingdom,GBR,2018,45973.5735,GBR,PISASCIENCE,BOY,2018,506.0
1811,United Kingdom,GBR,2018,45973.5735,GBR,PISASCIENCE,GIRL,2018,503.0
1812,United Kingdom,GBR,2018,45973.5735,GBR,PISASCIENCE,TOT,2018,505.0
1813,Greece,GRC,2018,29592.15242,GRC,PISAMATH,BOY,2018,452.0
1814,Greece,GRC,2018,29592.15242,GRC,PISAMATH,GIRL,2018,451.0
1815,Greece,GRC,2018,29592.15242,GRC,PISAMATH,TOT,2018,451.0
1816,Greece,GRC,2018,29592.15242,GRC,PISAREAD,BOY,2018,437.0
1817,Greece,GRC,2018,29592.15242,GRC,PISAREAD,GIRL,2018,479.0
1818,Greece,GRC,2018,29592.15242,GRC,PISAREAD,TOT,2018,457.0
1819,Greece,GRC,2018,29592.15242,GRC,PISASCIENCE,BOY,2018,446.0
1820,Greece,GRC,2018,29592.15242,GRC,PISASCIENCE,GIRL,2018,457.0
1821,Greece,GRC,2018,29592.15242,GRC,PISASCIENCE,TOT,2018,452.0
1822,Hungary,HUN,2018,31102.50275,HUN,PISAMATH,BOY,2018,486.0
1823,Hungary,HUN,2018,31102.50275,HUN,PISAMATH,GIRL,2018,477.0
1824,Hungary,HUN,2018,31102.50275,HUN,PISAMATH,TOT,2018,481.0
1825,Hungary,HUN,2018,31102.50275,HUN,PISAREAD,BOY,2018,463.0
1826,Hungary,HUN,2018,31102.50275,HUN,PISAREAD,GIRL,2018,489.0
1827,Hungary,HUN,2018,31102.50275,HUN,PISAREAD,TOT,2018,476.0
1828,Hungary,HUN,2018,31102.50275,HUN,PISASCIENCE,BOY,2018,484.0
1829,Hungary,HUN,2018,31102.50275,HUN,PISASCIENCE,GIRL,2018,478.0
1830,Hungary,HUN,2018,31102.50275,HUN,PISASCIENCE,TOT,2018,481.0
1831,Indonesia,IDN,2018,13079.6193,IDN,PISAMATH,BOY,2018,374.0
1832,Indonesia,IDN,2018,13079.6193,IDN,PISAMATH,GIRL,2018,383.0
1833,Indonesia,IDN,2018,13079.6193,IDN,PISAMATH,TOT,2018,379.0
1834,Indonesia,IDN,2018,13079.6193,IDN,PISAREAD,BOY,2018,358.0
1835,Indonesia,IDN,2018,13079.6193,IDN,PISAREAD,GIRL,2018,383.0
1836,Indonesia,IDN,2018,13079.6193,IDN,PISAREAD,TOT,2018,371.0
1837,Indonesia,IDN,2018,13079.6193,IDN,PISASCIENCE,BOY,2018,393.0
1838,Indonesia,IDN,2018,13079.6193,IDN,PISASCIENCE,GIRL,2018,399.0
1839,Indonesia,IDN,2018,13079.6193,IDN,PISASCIENCE,TOT,2018,396.0
1840,Ireland,IRL,2018,83203.39468,IRL,PISAMATH,BOY,2018,503.0
1841,Ireland,IRL,2018,83203.39468,IRL,PISAMATH,GIRL,2018,497.0
1842,Ireland,IRL,2018,83203.39468,IRL,PISAMATH,TOT,2018,500.0
1843,Ireland,IRL,2018,83203.39468,IRL,PISAREAD,BOY,2018,506.0
1844,Ireland,IRL,2018,83203.39468,IRL,PISAREAD,GIRL,2018,530.0
1845,Ireland,IRL,2018,83203.39468,IRL,PISAREAD,TOT,2018,518.0
1846,Ireland,IRL,2018,83203.39468,IRL,PISASCIENCE,BOY,2018,495.0
1847,Ireland,IRL,2018,83203.39468,IRL,PISASCIENCE,GIRL,2018,497.0
1848,Ireland,IRL,2018,83203.39468,IRL,PISASCIENCE,TOT,2018,496.0
1849,Iceland,ISL,2018,57303.06078,ISL,PISAMATH,BOY,2018,490.0
1850,Iceland,ISL,2018,57303.06078,ISL,PISAMATH,GIRL,2018,500.0
1851,Iceland,ISL,2018,57303.06078,ISL,PISAMATH,TOT,2018,495.0
1852,Iceland,ISL,2018,57303.06078,ISL,PISAREAD,BOY,2018,454.0
1853,Iceland,ISL,2018,57303.06078,ISL,PISAREAD,GIRL,2018,494.0
1854,Iceland,ISL,2018,57303.06078,ISL,PISAREAD,TOT,2018,474.0
1855,Iceland,ISL,2018,57303.06078,ISL,PISASCIENCE,BOY,2018,471.0
1856,Iceland,ISL,2018,57303.06078,ISL,PISASCIENCE,GIRL,2018,479.0
1857,Iceland,ISL,2018,57303.06078,ISL,PISASCIENCE,TOT,2018,475.0
1858,Israel,ISR,2018,39919.16965,ISR,PISAMATH,BOY,2018,458.0
1859,Israel,ISR,2018,39919.16965,ISR,PISAMATH,GIRL,2018,467.0
1860,Israel,ISR,2018,39919.16965,ISR,PISAMATH,TOT,2018,463.0
1861,Israel,ISR,2018,39919.16965,ISR,PISAREAD,BOY,2018,445.0
1862,Israel,ISR,2018,39919.16965,ISR,PISAREAD,GIRL,2018,493.0
1863,Israel,ISR,2018,39919.16965,ISR,PISAREAD,TOT,2018,470.0
1864,Israel,ISR,2018,39919.16965,ISR,PISASCIENCE,BOY,2018,452.0
1865,Israel,ISR,2018,39919.16965,ISR,PISASCIENCE,GIRL,2018,471.0
1866,Israel,ISR,2018,39919.16965,ISR,PISASCIENCE,TOT,2018,462.0
1867,Italy,ITA,2018,41830.42633,ITA,PISAMATH,BOY,2018,494.0
1868,Italy,ITA,2018,41830.42633,ITA,PISAMATH,GIRL,2018,479.0
1869,Italy,ITA,2018,41830.42633,ITA,PISAMATH,TOT,2018,487.0
1870,Italy,ITA,2018,41830.42633,ITA,PISAREAD,BOY,2018,464.0
1871,Italy,ITA,2018,41830.42633,ITA,PISAREAD,GIRL,2018,489.0
1872,Italy,ITA,2018,41830.42633,ITA,PISAREAD,TOT,2018,476.0
1873,Italy,ITA,2018,41830.42633,ITA,PISASCIENCE,BOY,2018,470.0
1874,Italy,ITA,2018,41830.42633,ITA,PISASCIENCE,GIRL,2018,466.0
1875,Italy,ITA,2018,41830.42633,ITA,PISASCIENCE,TOT,2018,468.0
1876,Japan,JPN,2018,42797.45852,JPN,PISAMATH,BOY,2018,532.0
1877,Japan,JPN,2018,42797.45852,JPN,PISAMATH,GIRL,2018,522.0
1878,Japan,JPN,2018,42797.45852,JPN,PISAMATH,TOT,2018,527.0
1879,Japan,JPN,2018,42797.45852,JPN,PISAREAD,BOY,2018,493.0
1880,Japan,JPN,2018,42797.45852,JPN,PISAREAD,GIRL,2018,514.0
1881,Japan,JPN,2018,42797.45852,JPN,PISAREAD,TOT,2018,504.0
1882,Japan,JPN,2018,42797.45852,JPN,PISASCIENCE,BOY,2018,531.0
1883,Japan,JPN,2018,42797.45852,JPN,PISASCIENCE,GIRL,2018,528.0
1884,Japan,JPN,2018,42797.45852,JPN,PISASCIENCE,TOT,2018,529.0
1885,"Korea, Rep.",KOR,2018,40111.77576,KOR,PISAMATH,BOY,2018,528.0
1886,"Korea, Rep.",KOR,2018,40111.77576,KOR,PISAMATH,GIRL,2018,524.0
1887,"Korea, Rep.",KOR,2018,40111.77576,KOR,PISAMATH,TOT,2018,526.0
1888,"Korea, Rep.",KOR,2018,40111.77576,KOR,PISAREAD,BOY,2018,503.0
1889,"Korea, Rep.",KOR,2018,40111.77576,KOR,PISAREAD,GIRL,2018,526.0
1890,"Korea, Rep.",KOR,2018,40111.77576,KOR,PISAREAD,TOT,2018,514.0
1891,"Korea, Rep.",KOR,2018,40111.77576,KOR,PISASCIENCE,BOY,2018,521.0
1892,"Korea, Rep.",KOR,2018,40111.77576,KOR,PISASCIENCE,GIRL,2018,517.0
1893,"Korea, Rep.",KOR,2018,40111.77576,KOR,PISASCIENCE,TOT,2018,519.0
1894,Lithuania,LTU,2018,35461.3591,LTU,PISAMATH,TOT,2018,481.0
1895,Lithuania,LTU,2018,35461.3591,LTU,PISAMATH,BOY,2018,480.0
1896,Lithuania,LTU,2018,35461.3591,LTU,PISAMATH,GIRL,2018,482.0
1897,Lithuania,LTU,2018,35461.3591,LTU,PISAREAD,TOT,2018,476.0
1898,Lithuania,LTU,2018,35461.3591,LTU,PISAREAD,BOY,2018,457.0
1899,Lithuania,LTU,2018,35461.3591,LTU,PISAREAD,GIRL,2018,496.0
1900,Lithuania,LTU,2018,35461.3591,LTU,PISASCIENCE,TOT,2018,482.0
1901,Lithuania,LTU,2018,35461.3591,LTU,PISASCIENCE,BOY,2018,479.0
1902,Lithuania,LTU,2018,35461.3591,LTU,PISASCIENCE,GIRL,2018,485.0
1903,Luxembourg,LUX,2018,113337.4205,LUX,PISAMATH,BOY,2018,487.0
1904,Luxembourg,LUX,2018,113337.4205,LUX,PISAMATH,GIRL,2018,480.0
1905,Luxembourg,LUX,2018,113337.4205,LUX,PISAMATH,TOT,2018,483.0
1906,Luxembourg,LUX,2018,113337.4205,LUX,PISAREAD,BOY,2018,456.0
1907,Luxembourg,LUX,2018,113337.4205,LUX,PISAREAD,GIRL,2018,485.0
1908,Luxembourg,LUX,2018,113337.4205,LUX,PISAREAD,TOT,2018,470.0
1909,Luxembourg,LUX,2018,113337.4205,LUX,PISASCIENCE,BOY,2018,475.0
1910,Luxembourg,LUX,2018,113337.4205,LUX,PISASCIENCE,GIRL,2018,479.0
1911,Luxembourg,LUX,2018,113337.4205,LUX,PISASCIENCE,TOT,2018,477.0
1912,Latvia,LVA,2018,30304.8525,LVA,PISAMATH,BOY,2018,500.0
1913,Latvia,LVA,2018,30304.8525,LVA,PISAMATH,GIRL,2018,493.0
1914,Latvia,LVA,2018,30304.8525,LVA,PISAMATH,TOT,2018,496.0
1915,Latvia,LVA,2018,30304.8525,LVA,PISAREAD,BOY,2018,462.0
1916,Latvia,LVA,2018,30304.8525,LVA,PISAREAD,GIRL,2018,495.0
1917,Latvia,LVA,2018,30304.8525,LVA,PISAREAD,TOT,2018,479.0
1918,Latvia,LVA,2018,30304.8525,LVA,PISASCIENCE,BOY,2018,483.0
1919,Latvia,LVA,2018,30304.8525,LVA,PISASCIENCE,GIRL,2018,491.0
1920,Latvia,LVA,2018,30304.8525,LVA,PISASCIENCE,TOT,2018,487.0
1921,Mexico,MEX,2018,19844.64567,MEX,PISAMATH,BOY,2018,415.0
1922,Mexico,MEX,2018,19844.64567,MEX,PISAMATH,GIRL,2018,403.0
1923,Mexico,MEX,2018,19844.64567,MEX,PISAMATH,TOT,2018,409.0
1924,Mexico,MEX,2018,19844.64567,MEX,PISAREAD,BOY,2018,415.0
1925,Mexico,MEX,2018,19844.64567,MEX,PISAREAD,GIRL,2018,426.0
1926,Mexico,MEX,2018,19844.64567,MEX,PISAREAD,TOT,2018,420.0
1927,Mexico,MEX,2018,19844.64567,MEX,PISASCIENCE,BOY,2018,424.0
1928,Mexico,MEX,2018,19844.64567,MEX,PISASCIENCE,GIRL,2018,415.0
1929,Mexico,MEX,2018,19844.64567,MEX,PISASCIENCE,TOT,2018,419.0
1930,Netherlands,NLD,2018,56328.94114,NLD,PISAMATH,BOY,2018,520.0
1931,Netherlands,NLD,2018,56328.94114,NLD,PISAMATH,GIRL,2018,519.0
1932,Netherlands,NLD,2018,56328.94114,NLD,PISAMATH,TOT,2018,519.0
1933,Netherlands,NLD,2018,56328.94114,NLD,PISAREAD,BOY,2018,470.0
1934,Netherlands,NLD,2018,56328.94114,NLD,PISAREAD,GIRL,2018,499.0
1935,Netherlands,NLD,2018,56328.94114,NLD,PISAREAD,TOT,2018,485.0
1936,Netherlands,NLD,2018,56328.94114,NLD,PISASCIENCE,BOY,2018,499.0
1937,Netherlands,NLD,2018,56328.94114,NLD,PISASCIENCE,GIRL,2018,508.0
1938,Netherlands,NLD,2018,56328.94114,NLD,PISASCIENCE,TOT,2018,503.0
1939,Norway,NOR,2018,65510.58527,NOR,PISAMATH,BOY,2018,497.0
1940,Norway,NOR,2018,65510.58527,NOR,PISAMATH,GIRL,2018,505.0
1941,Norway,NOR,2018,65510.58527,NOR,PISAMATH,TOT,2018,501.0
1942,Norway,NOR,2018,65510.58527,NOR,PISAREAD,BOY,2018,476.0
1943,Norway,NOR,2018,65510.58527,NOR,PISAREAD,GIRL,2018,523.0
1944,Norway,NOR,2018,65510.58527,NOR,PISAREAD,TOT,2018,499.0
1945,Norway,NOR,2018,65510.58527,NOR,PISASCIENCE,BOY,2018,485.0
1946,Norway,NOR,2018,65510.58527,NOR,PISASCIENCE,GIRL,2018,496.0
1947,Norway,NOR,2018,65510.58527,NOR,PISASCIENCE,TOT,2018,490.0
1948,New Zealand,NZL,2018,41005.42087,NZL,PISAMATH,BOY,2018,499.0
1949,New Zealand,NZL,2018,41005.42087,NZL,PISAMATH,GIRL,2018,490.0
1950,New Zealand,NZL,2018,41005.42087,NZL,PISAMATH,TOT,2018,494.0
1951,New Zealand,NZL,2018,41005.42087,NZL,PISAREAD,BOY,2018,491.0
1952,New Zealand,NZL,2018,41005.42087,NZL,PISAREAD,GIRL,2018,520.0
1953,New Zealand,NZL,2018,41005.42087,NZL,PISAREAD,TOT,2018,506.0
1954,New Zealand,NZL,2018,41005.42087,NZL,PISASCIENCE,BOY,2018,509.0
1955,New Zealand,NZL,2018,41005.42087,NZL,PISASCIENCE,GIRL,2018,508.0
1956,New Zealand,NZL,2018,41005.42087,NZL,PISASCIENCE,TOT,2018,508.0
1957,Poland,POL,2018,31336.6035,POL,PISAMATH,BOY,2018,516.0
1958,Poland,POL,2018,31336.6035,POL,PISAMATH,GIRL,2018,515.0
1959,Poland,POL,2018,31336.6035,POL,PISAMATH,TOT,2018,516.0
1960,Poland,POL,2018,31336.6035,POL,PISAREAD,BOY,2018,495.0
1961,Poland,POL,2018,31336.6035,POL,PISAREAD,GIRL,2018,528.0
1962,Poland,POL,2018,31336.6035,POL,PISAREAD,TOT,2018,512.0
1963,Poland,POL,2018,31336.6035,POL,PISASCIENCE,BOY,2018,511.0
1964,Poland,POL,2018,31336.6035,POL,PISASCIENCE,GIRL,2018,511.0
1965,Poland,POL,2018,31336.6035,POL,PISASCIENCE,TOT,2018,511.0
1966,Portugal,PRT,2018,33415.4379,PRT,PISAMATH,BOY,2018,497.0
1967,Portugal,PRT,2018,33415.4379,PRT,PISAMATH,GIRL,2018,488.0
1968,Portugal,PRT,2018,33415.4379,PRT,PISAMATH,TOT,2018,492.0
1969,Portugal,PRT,2018,33415.4379,PRT,PISAREAD,BOY,2018,480.0
1970,Portugal,PRT,2018,33415.4379,PRT,PISAREAD,GIRL,2018,504.0
1971,Portugal,PRT,2018,33415.4379,PRT,PISAREAD,TOT,2018,492.0
1972,Portugal,PRT,2018,33415.4379,PRT,PISASCIENCE,BOY,2018,494.0
1973,Portugal,PRT,2018,33415.4379,PRT,PISASCIENCE,GIRL,2018,489.0
1974,Portugal,PRT,2018,33415.4379,PRT,PISASCIENCE,TOT,2018,492.0
1975,Russian Federation,RUS,2018,27588.12544,RUS,PISAMATH,BOY,2018,490.0
1976,Russian Federation,RUS,2018,27588.12544,RUS,PISAMATH,GIRL,2018,485.0
1977,Russian Federation,RUS,2018,27588.12544,RUS,PISAMATH,TOT,2018,488.0
1978,Russian Federation,RUS,2018,27588.12544,RUS,PISAREAD,BOY,2018,466.0
1979,Russian Federation,RUS,2018,27588.12544,RUS,PISAREAD,GIRL,2018,491.0
1980,Russian Federation,RUS,2018,27588.12544,RUS,PISAREAD,TOT,2018,479.0
1981,Russian Federation,RUS,2018,27588.12544,RUS,PISASCIENCE,BOY,2018,477.0
1982,Russian Federation,RUS,2018,27588.12544,RUS,PISASCIENCE,GIRL,2018,478.0
1983,Russian Federation,RUS,2018,27588.12544,RUS,PISASCIENCE,TOT,2018,478.0
1984,Slovak Republic,SVK,2018,33736.40094,SVK,PISAMATH,BOY,2018,488.0
1985,Slovak Republic,SVK,2018,33736.40094,SVK,PISAMATH,GIRL,2018,484.0
1986,Slovak Republic,SVK,2018,33736.40094,SVK,PISAMATH,TOT,2018,486.0
1987,Slovak Republic,SVK,2018,33736.40094,SVK,PISAREAD,BOY,2018,441.0
1988,Slovak Republic,SVK,2018,33736.40094,SVK,PISAREAD,GIRL,2018,475.0
1989,Slovak Republic,SVK,2018,33736.40094,SVK,PISAREAD,TOT,2018,458.0
1990,Slovak Republic,SVK,2018,33736.40094,SVK,PISASCIENCE,BOY,2018,461.0
1991,Slovak Republic,SVK,2018,33736.40094,SVK,PISASCIENCE,GIRL,2018,467.0
1992,Slovak Republic,SVK,2018,33736.40094,SVK,PISASCIENCE,TOT,2018,464.0
1993,Slovenia,SVN,2018,38048.78466,SVN,PISAMATH,BOY,2018,509.0
1994,Slovenia,SVN,2018,38048.78466,SVN,PISAMATH,GIRL,2018,509.0
1995,Slovenia,SVN,2018,38048.78466,SVN,PISAMATH,TOT,2018,509.0
1996,Slovenia,SVN,2018,38048.78466,SVN,PISAREAD,BOY,2018,475.0
1997,Slovenia,SVN,2018,38048.78466,SVN,PISAREAD,GIRL,2018,517.0
1998,Slovenia,SVN,2018,38048.78466,SVN,PISAREAD,TOT,2018,495.0
1999,Slovenia,SVN,2018,38048.78466,SVN,PISASCIENCE,BOY,2018,502.0
2000,Slovenia,SVN,2018,38048.78466,SVN,PISASCIENCE,GIRL,2018,512.0
2001,Slovenia,SVN,2018,38048.78466,SVN,PISASCIENCE,TOT,2018,507.0
2002,Sweden,SWE,2018,53208.88436,SWE,PISAMATH,BOY,2018,502.0
2003,Sweden,SWE,2018,53208.88436,SWE,PISAMATH,GIRL,2018,503.0
2004,Sweden,SWE,2018,53208.88436,SWE,PISAMATH,TOT,2018,502.0
2005,Sweden,SWE,2018,53208.88436,SWE,PISAREAD,BOY,2018,489.0
2006,Sweden,SWE,2018,53208.88436,SWE,PISAREAD,GIRL,2018,523.0
2007,Sweden,SWE,2018,53208.88436,SWE,PISAREAD,TOT,2018,506.0
2008,Sweden,SWE,2018,53208.88436,SWE,PISASCIENCE,BOY,2018,496.0
2009,Sweden,SWE,2018,53208.88436,SWE,PISASCIENCE,GIRL,2018,503.0
2010,Sweden,SWE,2018,53208.88436,SWE,PISASCIENCE,TOT,2018,499.0
2011,Turkey,TUR,2018,28068.85941,TUR,PISAMATH,BOY,2018,456.0
2012,Turkey,TUR,2018,28068.85941,TUR,PISAMATH,GIRL,2018,451.0
2013,Turkey,TUR,2018,28068.85941,TUR,PISAMATH,TOT,2018,454.0
2014,Turkey,TUR,2018,28068.85941,TUR,PISAREAD,BOY,2018,453.0
2015,Turkey,TUR,2018,28068.85941,TUR,PISAREAD,GIRL,2018,478.0
2016,Turkey,TUR,2018,28068.85941,TUR,PISAREAD,TOT,2018,466.0
2017,Turkey,TUR,2018,28068.85941,TUR,PISASCIENCE,BOY,2018,465.0
2018,Turkey,TUR,2018,28068.85941,TUR,PISASCIENCE,GIRL,2018,472.0
2019,Turkey,TUR,2018,28068.85941,TUR,PISASCIENCE,TOT,2018,468.0
2020,United States,USA,2018,62794.58565,USA,PISAMATH,BOY,2018,482.0
2021,United States,USA,2018,62794.58565,USA,PISAMATH,GIRL,2018,474.0
2022,United States,USA,2018,62794.58565,USA,PISAMATH,TOT,2018,478.0
2023,United States,USA,2018,62794.58565,USA,PISAREAD,BOY,2018,494.0
2024,United States,USA,2018,62794.58565,USA,PISAREAD,GIRL,2018,517.0
2025,United States,USA,2018,62794.58565,USA,PISAREAD,TOT,2018,505.0
2026,United States,USA,2018,62794.58565,USA,PISASCIENCE,BOY,2018,503.0
2027,United States,USA,2018,62794.58565,USA,PISASCIENCE,GIRL,2018,502.0
2028,United States,USA,2018,62794.58565,USA,PISASCIENCE,TOT,2018,502.0
