,Country,Country Code,Year,GDP,Topic,Gender,PISA-Score
0,Australia,AUS,2000,26328.67368,PISAREAD,BOY,513.0
1,Australia,AUS,2000,26328.67368,PISAREAD,GIRL,546.0
2,Australia,AUS,2000,26328.67368,PISAREAD,TOT,528.0
3,Austria,AUT,2000,29380.06604,PISAREAD,BOY,476.0
4,Austria,AUT,2000,29380.06604,PISAREAD,GIRL,509.0
5,Austria,AUT,2000,29380.06604,PISAREAD,TOT,492.0
6,Belgium,BEL,2000,27788.43052,PISAREAD,BOY,492.0
7,Belgium,BEL,2000,27788.43052,PISAREAD,GIRL,525.0
8,Belgium,BEL,2000,27788.43052,PISAREAD,TOT,507.0
9,Brazil,BRA,2000,9073.976905,PISAREAD,BOY,388.0
10,Brazil,BRA,2000,9073.976905,PISAREAD,GIRL,404.0
11,Brazil,BRA,2000,9073.976905,PISAREAD,TOT,396.0
12,Canada,CAN,2000,29265.08444,PISAREAD,BOY,519.0
13,Canada,CAN,2000,29265.08444,PISAREAD,GIRL,551.0
14,Canada,CAN,2000,29265.08444,PISAREAD,TOT,534.0
15,Switzerland,CHE,2000,35754.54761,PISAREAD,BOY,480.0
16,Switzerland,CHE,2000,35754.54761,PISAREAD,GIRL,510.0
17,Switzerland,CHE,2000,35754.54761,PISAREAD,TOT,494.0
18,Chile,CHL,2000,9553.566623,PISAREAD,BOY,396.0
19,Chile,CHL,2000,9553.566623,PISAREAD,GIRL,421.0
20,Chile,CHL,2000,9553.566623,PISAREAD,TOT,410.0
21,Czech Republic,CZE,2000,16190.80503,PISAREAD,BOY,473.0
22,Czech Republic,CZE,2000,16190.80503,PISAREAD,GIRL,510.0
23,Czech Republic,CZE,2000,16190.80503,PISAREAD,TOT,492.0
24,Germany,DEU,2000,27202.79337,PISAREAD,BOY,468.0
25,Germany,DEU,2000,27202.79337,PISAREAD,GIRL,502.0
26,Germany,DEU,2000,27202.79337,PISAREAD,TOT,484.0
27,Denmark,DNK,2000,28662.09474,PISAREAD,BOY,485.0
28,Denmark,DNK,2000,28662.09474,PISAREAD,GIRL,510.0
29,Denmark,DNK,2000,28662.09474,PISAREAD,TOT,497.0
30,Spain,ESP,2000,21587.25644,PISAREAD,BOY,481.0
31,Spain,ESP,2000,21587.25644,PISAREAD,GIRL,505.0
32,Spain,ESP,2000,21587.25644,PISAREAD,TOT,493.0
33,Finland,FIN,2000,26788.40847,PISAREAD,BOY,520.0
34,Finland,FIN,2000,26788.40847,PISAREAD,GIRL,571.0
35,Finland,FIN,2000,26788.40847,PISAREAD,TOT,546.0
36,France,FRA,2000,26094.25256,PISAREAD,BOY,490.0
37,France,FRA,2000,26094.25256,PISAREAD,GIRL,519.0
38,France,FRA,2000,26094.25256,PISAREAD,TOT,505.0
39,Greece,GRC,2000,19518.90751,PISAREAD,BOY,456.0
40,Greece,GRC,2000,19518.90751,PISAREAD,GIRL,493.0
41,Greece,GRC,2000,19518.90751,PISAREAD,TOT,474.0
42,Hungary,HUN,2000,11854.81987,PISAREAD,BOY,465.0
43,Hungary,HUN,2000,11854.81987,PISAREAD,GIRL,496.0
44,Hungary,HUN,2000,11854.81987,PISAREAD,TOT,480.0
45,Indonesia,IDN,2000,4620.547598,PISAREAD,BOY,360.0
46,Indonesia,IDN,2000,4620.547598,PISAREAD,GIRL,380.0
47,Indonesia,IDN,2000,4620.547598,PISAREAD,TOT,371.0
48,Ireland,IRL,2000,30177.82788,PISAREAD,BOY,513.0
49,Ireland,IRL,2000,30177.82788,PISAREAD,GIRL,542.0
50,Ireland,IRL,2000,30177.82788,PISAREAD,TOT,527.0
51,Iceland,ISL,2000,29710.55155,PISAREAD,BOY,488.0
52,Iceland,ISL,2000,29710.55155,PISAREAD,GIRL,528.0
53,Iceland,ISL,2000,29710.55155,PISAREAD,TOT,507.0
54,Israel,ISR,2000,24931.03887,PISAREAD,BOY,444.0
55,Israel,ISR,2000,24931.03887,PISAREAD,GIRL,459.0
56,Israel,ISR,2000,24931.03887,PISAREAD,TOT,452.0
57,Italy,ITA,2000,27076.1868,PISAREAD,BOY,469.0
58,Italy,ITA,2000,27076.1868,PISAREAD,GIRL,507.0
59,Italy,ITA,2000,27076.1868,PISAREAD,TOT,487.0
60,Japan,JPN,2000,26838.69136,PISAREAD,BOY,507.0
61,Japan,JPN,2000,26838.69136,PISAREAD,GIRL,537.0
62,Japan,JPN,2000,26838.69136,PISAREAD,TOT,522.0
63,"Korea, Rep.",KOR,2000,18082.9548,PISAREAD,BOY,519.0
64,"Korea, Rep.",KOR,2000,18082.9548,PISAREAD,GIRL,533.0
65,"Korea, Rep.",KOR,2000,18082.9548,PISAREAD,TOT,525.0
66,Luxembourg,LUX,2000,55348.89874,PISAREAD,BOY,429.0
67,Luxembourg,LUX,2000,55348.89874,PISAREAD,GIRL,456.0
68,Latvia,LVA,2000,8015.685601,PISAREAD,TOT,458.0
69,Mexico,MEX,2000,11089.81343,PISAREAD,BOY,411.0
70,Mexico,MEX,2000,11089.81343,PISAREAD,GIRL,432.0
71,Mexico,MEX,2000,11089.81343,PISAREAD,TOT,422.0
72,Norway,NOR,2000,36941.60093,PISAREAD,BOY,486.0
73,Norway,NOR,2000,36941.60093,PISAREAD,GIRL,529.0
74,Norway,NOR,2000,36941.60093,PISAREAD,TOT,505.0
75,New Zealand,NZL,2000,21521.70657,PISAREAD,BOY,507.0
76,New Zealand,NZL,2000,21521.70657,PISAREAD,GIRL,553.0
77,New Zealand,NZL,2000,21521.70657,PISAREAD,TOT,529.0
78,Poland,POL,2000,10652.90829,PISAREAD,BOY,461.0
79,Poland,POL,2000,10652.90829,PISAREAD,GIRL,497.0
80,Poland,POL,2000,10652.90829,PISAREAD,TOT,479.0
81,Portugal,PRT,2000,18879.28669,PISAREAD,BOY,458.0
82,Portugal,PRT,2000,18879.28669,PISAREAD,GIRL,482.0
83,Portugal,PRT,2000,18879.28669,PISAREAD,TOT,470.0
84,Russian Federation,RUS,2000,6825.406038,PISAREAD,BOY,443.0
85,Russian Federation,RUS,2000,6825.406038,PISAREAD,GIRL,481.0
86,Russian Federation,RUS,2000,6825.406038,PISAREAD,TOT,462.0
87,Sweden,SWE,2000,29453.55155,PISAREAD,BOY,499.0
88,Sweden,SWE,2000,29453.55155,PISAREAD,GIRL,536.0
89,Sweden,SWE,2000,29453.55155,PISAREAD,TOT,516.0
90,United States,USA,2000,36334.90878,PISAREAD,BOY,490.0
91,United States,USA,2000,36334.90878,PISAREAD,GIRL,518.0
92,United States,USA,2000,36334.90878,PISAREAD,TOT,504.0
93,Australia,AUS,2003,29693.90591,PISAMATH,BOY,527.0
94,Australia,AUS,2003,29693.90591,PISAMATH,GIRL,522.0
95,Australia,AUS,2003,29693.90591,PISAMATH,TOT,524.0
96,Australia,AUS,2003,29693.90591,PISAREAD,BOY,506.0
97,Australia,AUS,2003,29693.90591,PISAREAD,GIRL,545.0
98,Australia,AUS,2003,29693.90591,PISAREAD,TOT,525.0
99,Austria,AUT,2003,32108.63255,PISAMATH,BOY,509.0
100,Austria,AUT,2003,32108.63255,PISAMATH,GIRL,502.0
101,Austria,AUT,2003,32108.63255,PISAMATH,TOT,506.0
102,Austria,AUT,2003,32108.63255,PISAREAD,BOY,467.0
103,Austria,AUT,2003,32108.63255,PISAREAD,GIRL,514.0
104,Austria,AUT,2003,32108.63255,PISAREAD,TOT,491.0
105,Belgium,BEL,2003,30898.60744,PISAMATH,BOY,533.0
106,Belgium,BEL,2003,30898.60744,PISAMATH,GIRL,525.0
107,Belgium,BEL,2003,30898.60744,PISAMATH,TOT,529.0
108,Belgium,BEL,2003,30898.60744,PISAREAD,BOY,489.0
109,Belgium,BEL,2003,30898.60744,PISAREAD,GIRL,526.0
110,Belgium,BEL,2003,30898.60744,PISAREAD,TOT,507.0
111,Brazil,BRA,2003,9747.941038,PISAMATH,BOY,365.0
112,Brazil,BRA,2003,9747.941038,PISAMATH,GIRL,348.0
113,Brazil,BRA,2003,9747.941038,PISAMATH,TOT,356.0
114,Brazil,BRA,2003,9747.941038,PISAREAD,BOY,384.0
115,Brazil,BRA,2003,9747.941038,PISAREAD,GIRL,419.0
116,Brazil,BRA,2003,9747.941038,PISAREAD,TOT,403.0
117,Canada,CAN,2003,32225.05212,PISAMATH,BOY,541.0
118,Canada,CAN,2003,32225.05212,PISAMATH,GIRL,530.0
119,Canada,CAN,2003,32225.05212,PISAMATH,TOT,532.0
120,Canada,CAN,2003,32225.05212,PISAREAD,BOY,514.0
121,Canada,CAN,2003,32225.05212,PISAREAD,GIRL,546.0
122,Canada,CAN,2003,32225.05212,PISAREAD,TOT,528.0
123,Switzerland,CHE,2003,37713.3375,PISAMATH,BOY,535.0
124,Switzerland,CHE,2003,37713.3375,PISAMATH,GIRL,518.0
125,Switzerland,CHE,2003,37713.3375,PISAMATH,TOT,527.0
126,Switzerland,CHE,2003,37713.3375,PISAREAD,BOY,482.0
127,Switzerland,CHE,2003,37713.3375,PISAREAD,GIRL,517.0
128,Switzerland,CHE,2003,37713.3375,PISAREAD,TOT,499.0
129,Czech Republic,CZE,2003,19426.08513,PISAMATH,BOY,524.0
130,Czech Republic,CZE,2003,19426.08513,PISAMATH,GIRL,509.0
131,Czech Republic,CZE,2003,19426.08513,PISAMATH,TOT,516.0
132,Czech Republic,CZE,2003,19426.08513,PISAREAD,BOY,473.0
133,Czech Republic,CZE,2003,19426.08513,PISAREAD,GIRL,504.0
134,Czech Republic,CZE,2003,19426.08513,PISAREAD,TOT,489.0
135,Germany,DEU,2003,29875.02793,PISAMATH,BOY,508.0
136,Germany,DEU,2003,29875.02793,PISAMATH,GIRL,499.0
137,Germany,DEU,2003,29875.02793,PISAMATH,TOT,503.0
138,Germany,DEU,2003,29875.02793,PISAREAD,BOY,471.0
139,Germany,DEU,2003,29875.02793,PISAREAD,GIRL,513.0
140,Germany,DEU,2003,29875.02793,PISAREAD,TOT,491.0
141,Denmark,DNK,2003,30786.24895,PISAMATH,BOY,523.0
142,Denmark,DNK,2003,30786.24895,PISAMATH,GIRL,506.0
143,Denmark,DNK,2003,30786.24895,PISAMATH,TOT,514.0
144,Denmark,DNK,2003,30786.24895,PISAREAD,BOY,479.0
145,Denmark,DNK,2003,30786.24895,PISAREAD,GIRL,505.0
146,Denmark,DNK,2003,30786.24895,PISAREAD,TOT,492.0
147,Spain,ESP,2003,25018.36612,PISAMATH,BOY,490.0
148,Spain,ESP,2003,25018.36612,PISAMATH,GIRL,481.0
149,Spain,ESP,2003,25018.36612,PISAMATH,TOT,485.0
150,Spain,ESP,2003,25018.36612,PISAREAD,BOY,461.0
151,Spain,ESP,2003,25018.36612,PISAREAD,GIRL,500.0
152,Spain,ESP,2003,25018.36612,PISAREAD,TOT,481.0
153,Finland,FIN,2003,29019.3104,PISAMATH,BOY,548.0
154,Finland,FIN,2003,29019.3104,PISAMATH,GIRL,541.0
155,Finland,FIN,2003,29019.3104,PISAMATH,TOT,544.0
156,Finland,FIN,2003,29019.3104,PISAREAD,BOY,521.0
157,Finland,FIN,2003,29019.3104,PISAREAD,GIRL,565.0
158,Finland,FIN,2003,29019.3104,PISAREAD,TOT,543.0
159,France,FRA,2003,28141.4614,PISAMATH,BOY,515.0
160,France,FRA,2003,28141.4614,PISAMATH,GIRL,507.0
161,France,FRA,2003,28141.4614,PISAMATH,TOT,511.0
162,France,FRA,2003,28141.4614,PISAREAD,BOY,476.0
163,France,FRA,2003,28141.4614,PISAREAD,GIRL,514.0
164,France,FRA,2003,28141.4614,PISAREAD,TOT,496.0
165,Greece,GRC,2003,23870.1601,PISAMATH,BOY,455.0
166,Greece,GRC,2003,23870.1601,PISAMATH,GIRL,436.0
167,Greece,GRC,2003,23870.1601,PISAMATH,TOT,445.0
168,Greece,GRC,2003,23870.1601,PISAREAD,BOY,453.0
169,Greece,GRC,2003,23870.1601,PISAREAD,GIRL,490.0
170,Greece,GRC,2003,23870.1601,PISAREAD,TOT,472.0
171,Hungary,HUN,2003,15464.17155,PISAMATH,BOY,494.0
172,Hungary,HUN,2003,15464.17155,PISAMATH,GIRL,486.0
173,Hungary,HUN,2003,15464.17155,PISAMATH,TOT,490.0
174,Hungary,HUN,2003,15464.17155,PISAREAD,BOY,467.0
175,Hungary,HUN,2003,15464.17155,PISAREAD,GIRL,498.0
176,Hungary,HUN,2003,15464.17155,PISAREAD,TOT,482.0
177,Indonesia,IDN,2003,5323.104507,PISAMATH,BOY,362.0
178,Indonesia,IDN,2003,5323.104507,PISAMATH,GIRL,358.0
179,Indonesia,IDN,2003,5323.104507,PISAMATH,TOT,360.0
180,Indonesia,IDN,2003,5323.104507,PISAREAD,BOY,369.0
181,Indonesia,IDN,2003,5323.104507,PISAREAD,GIRL,394.0
182,Indonesia,IDN,2003,5323.104507,PISAREAD,TOT,382.0
183,Ireland,IRL,2003,36237.77128,PISAMATH,BOY,510.0
184,Ireland,IRL,2003,36237.77128,PISAMATH,GIRL,495.0
185,Ireland,IRL,2003,36237.77128,PISAMATH,TOT,503.0
186,Ireland,IRL,2003,36237.77128,PISAREAD,BOY,501.0
187,Ireland,IRL,2003,36237.77128,PISAREAD,GIRL,530.0
188,Ireland,IRL,2003,36237.77128,PISAREAD,TOT,515.0
189,Iceland,ISL,2003,32619.35874,PISAMATH,BOY,508.0
190,Iceland,ISL,2003,32619.35874,PISAMATH,GIRL,523.0
191,Iceland,ISL,2003,32619.35874,PISAMATH,TOT,515.0
192,Iceland,ISL,2003,32619.35874,PISAREAD,BOY,464.0
193,Iceland,ISL,2003,32619.35874,PISAREAD,GIRL,522.0
194,Iceland,ISL,2003,32619.35874,PISAREAD,TOT,492.0
195,Italy,ITA,2003,29164.59527,PISAMATH,BOY,475.0
196,Italy,ITA,2003,29164.59527,PISAMATH,GIRL,457.0
197,Italy,ITA,2003,29164.59527,PISAMATH,TOT,466.0
198,Italy,ITA,2003,29164.59527,PISAREAD,BOY,455.0
199,Italy,ITA,2003,29164.59527,PISAREAD,GIRL,495.0
200,Italy,ITA,2003,29164.59527,PISAREAD,TOT,476.0
201,Japan,JPN,2003,28924.68216,PISAMATH,BOY,539.0
202,Japan,JPN,2003,28924.68216,PISAMATH,GIRL,530.0
203,Japan,JPN,2003,28924.68216,PISAMATH,TOT,534.0
204,Japan,JPN,2003,28924.68216,PISAREAD,BOY,487.0
205,Japan,JPN,2003,28924.68216,PISAREAD,GIRL,509.0
206,Japan,JPN,2003,28924.68216,PISAREAD,TOT,498.0
207,"Korea, Rep.",KOR,2003,21376.76617,PISAMATH,BOY,552.0
208,"Korea, Rep.",KOR,2003,21376.76617,PISAMATH,GIRL,528.0
209,"Korea, Rep.",KOR,2003,21376.76617,PISAMATH,TOT,542.0
210,"Korea, Rep.",KOR,2003,21376.76617,PISAREAD,BOY,525.0
211,"Korea, Rep.",KOR,2003,21376.76617,PISAREAD,GIRL,547.0
212,"Korea, Rep.",KOR,2003,21376.76617,PISAREAD,TOT,534.0
213,Luxembourg,LUX,2003,60039.29874,PISAMATH,BOY,502.0
214,Luxembourg,LUX,2003,60039.29874,PISAMATH,GIRL,485.0
215,Luxembourg,LUX,2003,60039.29874,PISAMATH,TOT,493.0
216,Luxembourg,LUX,2003,60039.29874,PISAREAD,BOY,463.0
217,Luxembourg,LUX,2003,60039.29874,PISAREAD,GIRL,496.0
218,Luxembourg,LUX,2003,60039.29874,PISAREAD,TOT,479.0
219,Latvia,LVA,2003,11010.88527,PISAMATH,TOT,483.0
220,Latvia,LVA,2003,11010.88527,PISAREAD,TOT,491.0
221,Mexico,MEX,2003,11482.44959,PISAMATH,BOY,391.0
222,Mexico,MEX,2003,11482.44959,PISAMATH,GIRL,380.0
223,Mexico,MEX,2003,11482.44959,PISAMATH,TOT,385.0
224,Mexico,MEX,2003,11482.44959,PISAREAD,BOY,389.0
225,Mexico,MEX,2003,11482.44959,PISAREAD,GIRL,410.0
226,Mexico,MEX,2003,11482.44959,PISAREAD,TOT,400.0
227,Netherlands,NLD,2003,34111.80335,PISAMATH,BOY,540.0
228,Netherlands,NLD,2003,34111.80335,PISAMATH,GIRL,535.0
229,Netherlands,NLD,2003,34111.80335,PISAMATH,TOT,538.0
230,Netherlands,NLD,2003,34111.80335,PISAREAD,BOY,503.0
231,Netherlands,NLD,2003,34111.80335,PISAREAD,GIRL,524.0
232,Netherlands,NLD,2003,34111.80335,PISAREAD,TOT,513.0
233,Norway,NOR,2003,38550.95539,PISAMATH,BOY,498.0
234,Norway,NOR,2003,38550.95539,PISAMATH,GIRL,492.0
235,Norway,NOR,2003,38550.95539,PISAMATH,TOT,495.0
236,Norway,NOR,2003,38550.95539,PISAREAD,BOY,475.0
237,Norway,NOR,2003,38550.95539,PISAREAD,GIRL,525.0
238,Norway,NOR,2003,38550.95539,PISAREAD,TOT,500.0
239,New Zealand,NZL,2003,23967.42075,PISAMATH,BOY,531.0
240,New Zealand,NZL,2003,23967.42075,PISAMATH,GIRL,516.0
241,New Zealand,NZL,2003,23967.42075,PISAMATH,TOT,523.0
242,New Zealand,NZL,2003,23967.42075,PISAREAD,BOY,508.0
243,New Zealand,NZL,2003,23967.42075,PISAREAD,GIRL,535.0
244,New Zealand,NZL,2003,23967.42075,PISAREAD,TOT,522.0
245,Poland,POL,2003,12257.14487,PISAMATH,BOY,493.0
246,Poland,POL,2003,12257.14487,PISAMATH,GIRL,487.0
247,Poland,POL,2003,12257.14487,PISAMATH,TOT,490.0
248,Poland,POL,2003,12257.14487,PISAREAD,BOY,477.0
249,Poland,POL,2003,12257.14487,PISAREAD,GIRL,516.0
250,Poland,POL,2003,12257.14487,PISAREAD,TOT,497.0
251,Portugal,PRT,2003,20827.98424,PISAMATH,BOY,472.0
252,Portugal,PRT,2003,20827.98424,PISAMATH,GIRL,460.0
253,Portugal,PRT,2003,20827.98424,PISAMATH,TOT,466.0
254,Portugal,PRT,2003,20827.98424,PISAREAD,BOY,459.0
255,Portugal,PRT,2003,20827.98424,PISAREAD,GIRL,495.0
256,Portugal,PRT,2003,20827.98424,PISAREAD,TOT,478.0
257,Russian Federation,RUS,2003,9254.560297,PISAMATH,BOY,473.0
258,Russian Federation,RUS,2003,9254.560297,PISAMATH,GIRL,463.0
259,Russian Federation,RUS,2003,9254.560297,PISAMATH,TOT,468.0
260,Russian Federation,RUS,2003,9254.560297,PISAREAD,BOY,428.0
261,Russian Federation,RUS,2003,9254.560297,PISAREAD,GIRL,456.0
262,Russian Federation,RUS,2003,9254.560297,PISAREAD,TOT,442.0
263,Slovak Republic,SVK,2003,14165.4041,PISAMATH,BOY,507.0
264,Slovak Republic,SVK,2003,14165.4041,PISAMATH,GIRL,489.0
265,Slovak Republic,SVK,2003,14165.4041,PISAMATH,TOT,498.0
266,Slovak Republic,SVK,2003,14165.4041,PISAREAD,BOY,453.0
267,Slovak Republic,SVK,2003,14165.4041,PISAREAD,GIRL,486.0
268,Slovak Republic,SVK,2003,14165.4041,PISAREAD,TOT,469.0
269,Sweden,SWE,2003,31583.04807,PISAMATH,BOY,512.0
270,Sweden,SWE,2003,31583.04807,PISAMATH,GIRL,506.0
271,Sweden,SWE,2003,31583.04807,PISAMATH,TOT,509.0
272,Sweden,SWE,2003,31583.04807,PISAREAD,BOY,496.0
273,Sweden,SWE,2003,31583.04807,PISAREAD,GIRL,533.0
274,Sweden,SWE,2003,31583.04807,PISAREAD,TOT,514.0
275,Turkey,TUR,2003,9603.880437,PISAMATH,BOY,430.0
276,Turkey,TUR,2003,9603.880437,PISAMATH,GIRL,415.0
277,Turkey,TUR,2003,9603.880437,PISAMATH,TOT,423.0
278,Turkey,TUR,2003,9603.880437,PISAREAD,BOY,426.0
279,Turkey,TUR,2003,9603.880437,PISAREAD,GIRL,459.0
280,Turkey,TUR,2003,9603.880437,PISAREAD,TOT,441.0
281,United States,USA,2003,39496.48588,PISAMATH,BOY,486.0
282,United States,USA,2003,39496.48588,PISAMATH,GIRL,480.0
283,United States,USA,2003,39496.48588,PISAMATH,TOT,483.0
284,United States,USA,2003,39496.48588,PISAREAD,BOY,479.0
285,United States,USA,2003,39496.48588,PISAREAD,GIRL,511.0
286,United States,USA,2003,39496.48588,PISAREAD,TOT,495.0
287,Australia,AUS,2006,34306.65231,PISAMATH,BOY,527.0
288,Australia,AUS,2006,34306.65231,PISAMATH,GIRL,513.0
289,Australia,AUS,2006,34306.65231,PISAMATH,TOT,520.0
290,Australia,AUS,2006,34306.65231,PISAREAD,BOY,495.0
291,Australia,AUS,2006,34306.65231,PISAREAD,GIRL,532.0
292,Australia,AUS,2006,34306.65231,PISAREAD,TOT,513.0
293,Australia,AUS,2006,34306.65231,PISASCIENCE,BOY,527.0
294,Australia,AUS,2006,34306.65231,PISASCIENCE,GIRL,527.0
295,Australia,AUS,2006,34306.65231,PISASCIENCE,TOT,527.0
296,Austria,AUT,2006,37623.07576,PISAMATH,BOY,517.0
297,Austria,AUT,2006,37623.07576,PISAMATH,GIRL,494.0
298,Austria,AUT,2006,37623.07576,PISAMATH,TOT,505.0
299,Austria,AUT,2006,37623.07576,PISAREAD,BOY,468.0
300,Austria,AUT,2006,37623.07576,PISAREAD,GIRL,513.0
301,Austria,AUT,2006,37623.07576,PISAREAD,TOT,490.0
302,Austria,AUT,2006,37623.07576,PISASCIENCE,BOY,515.0
303,Austria,AUT,2006,37623.07576,PISASCIENCE,GIRL,507.0
304,Austria,AUT,2006,37623.07576,PISASCIENCE,TOT,511.0
305,Belgium,BEL,2006,35222.60515,PISAMATH,BOY,524.0
306,Belgium,BEL,2006,35222.60515,PISAMATH,GIRL,517.0
307,Belgium,BEL,2006,35222.60515,PISAMATH,TOT,520.0
308,Belgium,BEL,2006,35222.60515,PISAREAD,BOY,482.0
309,Belgium,BEL,2006,35222.60515,PISAREAD,GIRL,522.0
310,Belgium,BEL,2006,35222.60515,PISAREAD,TOT,501.0
311,Belgium,BEL,2006,35222.60515,PISASCIENCE,BOY,511.0
312,Belgium,BEL,2006,35222.60515,PISASCIENCE,GIRL,510.0
313,Belgium,BEL,2006,35222.60515,PISASCIENCE,TOT,510.0
314,Brazil,BRA,2006,11659.39278,PISAMATH,BOY,380.0
315,Brazil,BRA,2006,11659.39278,PISAMATH,GIRL,361.0
316,Brazil,BRA,2006,11659.39278,PISAMATH,TOT,370.0
317,Brazil,BRA,2006,11659.39278,PISAREAD,BOY,376.0
318,Brazil,BRA,2006,11659.39278,PISAREAD,GIRL,408.0
319,Brazil,BRA,2006,11659.39278,PISAREAD,TOT,393.0
320,Brazil,BRA,2006,11659.39278,PISASCIENCE,BOY,395.0
321,Brazil,BRA,2006,11659.39278,PISASCIENCE,GIRL,386.0
322,Brazil,BRA,2006,11659.39278,PISASCIENCE,TOT,390.0
323,Canada,CAN,2006,37999.0386,PISAMATH,BOY,534.0
324,Canada,CAN,2006,37999.0386,PISAMATH,GIRL,520.0
325,Canada,CAN,2006,37999.0386,PISAMATH,TOT,527.0
326,Canada,CAN,2006,37999.0386,PISAREAD,BOY,511.0
327,Canada,CAN,2006,37999.0386,PISAREAD,GIRL,543.0
328,Canada,CAN,2006,37999.0386,PISAREAD,TOT,527.0
329,Canada,CAN,2006,37999.0386,PISASCIENCE,BOY,536.0
330,Canada,CAN,2006,37999.0386,PISASCIENCE,GIRL,532.0
331,Canada,CAN,2006,37999.0386,PISASCIENCE,TOT,534.0
332,Switzerland,CHE,2006,45106.41668,PISAMATH,BOY,536.0
333,Switzerland,CHE,2006,45106.41668,PISAMATH,GIRL,523.0
334,Switzerland,CHE,2006,45106.41668,PISAMATH,TOT,530.0
335,Switzerland,CHE,2006,45106.41668,PISAREAD,BOY,484.0
336,Switzerland,CHE,2006,45106.41668,PISAREAD,GIRL,515.0
337,Switzerland,CHE,2006,45106.41668,PISAREAD,TOT,499.0
338,Switzerland,CHE,2006,45106.41668,PISASCIENCE,BOY,514.0
339,Switzerland,CHE,2006,45106.41668,PISASCIENCE,GIRL,509.0
340,Switzerland,CHE,2006,45106.41668,PISASCIENCE,TOT,512.0
341,Chile,CHL,2006,15753.96299,PISAMATH,BOY,424.0
342,Chile,CHL,2006,15753.96299,PISAMATH,GIRL,396.0
343,Chile,CHL,2006,15753.96299,PISAMATH,TOT,411.0
344,Chile,CHL,2006,15753.96299,PISAREAD,BOY,434.0
345,Chile,CHL,2006,15753.96299,PISAREAD,GIRL,451.0
346,Chile,CHL,2006,15753.96299,PISAREAD,TOT,442.0
347,Chile,CHL,2006,15753.96299,PISASCIENCE,BOY,448.0
348,Chile,CHL,2006,15753.96299,PISASCIENCE,GIRL,426.0
349,Chile,CHL,2006,15753.96299,PISASCIENCE,TOT,438.0
350,Czech Republic,CZE,2006,23776.48706,PISAMATH,BOY,514.0
351,Czech Republic,CZE,2006,23776.48706,PISAMATH,GIRL,504.0
352,Czech Republic,CZE,2006,23776.48706,PISAMATH,TOT,510.0
353,Czech Republic,CZE,2006,23776.48706,PISAREAD,BOY,463.0
354,Czech Republic,CZE,2006,23776.48706,PISAREAD,GIRL,509.0
355,Czech Republic,CZE,2006,23776.48706,PISAREAD,TOT,483.0
356,Czech Republic,CZE,2006,23776.48706,PISASCIENCE,BOY,515.0
357,Czech Republic,CZE,2006,23776.48706,PISASCIENCE,GIRL,510.0
358,Czech Republic,CZE,2006,23776.48706,PISASCIENCE,TOT,513.0
359,Germany,DEU,2006,34124.87427,PISAMATH,BOY,513.0
360,Germany,DEU,2006,34124.87427,PISAMATH,GIRL,494.0
361,Germany,DEU,2006,34124.87427,PISAMATH,TOT,504.0
362,Germany,DEU,2006,34124.87427,PISAREAD,BOY,475.0
363,Germany,DEU,2006,34124.87427,PISAREAD,GIRL,517.0
364,Germany,DEU,2006,34124.87427,PISAREAD,TOT,495.0
365,Germany,DEU,2006,34124.87427,PISASCIENCE,BOY,519.0
366,Germany,DEU,2006,34124.87427,PISASCIENCE,GIRL,512.0
367,Germany,DEU,2006,34124.87427,PISASCIENCE,TOT,516.0
368,Denmark,DNK,2006,37295.65935,PISAMATH,BOY,518.0
369,Denmark,DNK,2006,37295.65935,PISAMATH,GIRL,508.0
370,Denmark,DNK,2006,37295.65935,PISAMATH,TOT,513.0
371,Denmark,DNK,2006,37295.65935,PISAREAD,BOY,480.0
372,Denmark,DNK,2006,37295.65935,PISAREAD,GIRL,509.0
373,Denmark,DNK,2006,37295.65935,PISAREAD,TOT,494.0
374,Denmark,DNK,2006,37295.65935,PISASCIENCE,BOY,500.0
375,Denmark,DNK,2006,37295.65935,PISASCIENCE,GIRL,491.0
376,Denmark,DNK,2006,37295.65935,PISASCIENCE,TOT,496.0
377,Spain,ESP,2006,30688.36622,PISAMATH,BOY,484.0
378,Spain,ESP,2006,30688.36622,PISAMATH,GIRL,476.0
379,Spain,ESP,2006,30688.36622,PISAMATH,TOT,480.0
380,Spain,ESP,2006,30688.36622,PISAREAD,BOY,443.0
381,Spain,ESP,2006,30688.36622,PISAREAD,GIRL,479.0
382,Spain,ESP,2006,30688.36622,PISAREAD,TOT,461.0
383,Spain,ESP,2006,30688.36622,PISASCIENCE,BOY,491.0
384,Spain,ESP,2006,30688.36622,PISASCIENCE,GIRL,486.0
385,Spain,ESP,2006,30688.36622,PISASCIENCE,TOT,488.0
386,Estonia,EST,2006,19313.26424,PISAMATH,BOY,515.0
387,Estonia,EST,2006,19313.26424,PISAMATH,GIRL,514.0
388,Estonia,EST,2006,19313.26424,PISAMATH,TOT,515.0
389,Estonia,EST,2006,19313.26424,PISAREAD,BOY,478.0
390,Estonia,EST,2006,19313.26424,PISAREAD,GIRL,524.0
391,Estonia,EST,2006,19313.26424,PISAREAD,TOT,501.0
392,Estonia,EST,2006,19313.26424,PISASCIENCE,BOY,530.0
393,Estonia,EST,2006,19313.26424,PISASCIENCE,GIRL,533.0
394,Estonia,EST,2006,19313.26424,PISASCIENCE,TOT,531.0
395,Finland,FIN,2006,34419.38065,PISAMATH,BOY,554.0
396,Finland,FIN,2006,34419.38065,PISAMATH,GIRL,543.0
397,Finland,FIN,2006,34419.38065,PISAMATH,TOT,548.0
398,Finland,FIN,2006,34419.38065,PISAREAD,BOY,521.0
399,Finland,FIN,2006,34419.38065,PISAREAD,GIRL,572.0
400,Finland,FIN,2006,34419.38065,PISAREAD,TOT,547.0
401,Finland,FIN,2006,34419.38065,PISASCIENCE,BOY,562.0
402,Finland,FIN,2006,34419.38065,PISASCIENCE,GIRL,565.0
403,Finland,FIN,2006,34419.38065,PISASCIENCE,TOT,563.0
404,France,FRA,2006,32434.86026,PISAMATH,BOY,499.0
405,France,FRA,2006,32434.86026,PISAMATH,GIRL,492.0
406,France,FRA,2006,32434.86026,PISAMATH,TOT,496.0
407,France,FRA,2006,32434.86026,PISAREAD,BOY,470.0
408,France,FRA,2006,32434.86026,PISAREAD,GIRL,505.0
409,France,FRA,2006,32434.86026,PISAREAD,TOT,488.0
410,France,FRA,2006,32434.86026,PISASCIENCE,BOY,497.0
411,France,FRA,2006,32434.86026,PISASCIENCE,GIRL,494.0
412,France,FRA,2006,32434.86026,PISASCIENCE,TOT,495.0
413,United Kingdom,GBR,2006,34767.00114,PISAMATH,BOY,504.0
414,United Kingdom,GBR,2006,34767.00114,PISAMATH,GIRL,487.0
415,United Kingdom,GBR,2006,34767.00114,PISAMATH,TOT,495.0
416,United Kingdom,GBR,2006,34767.00114,PISAREAD,BOY,480.0
417,United Kingdom,GBR,2006,34767.00114,PISAREAD,GIRL,510.0
418,United Kingdom,GBR,2006,34767.00114,PISAREAD,TOT,495.0
419,United Kingdom,GBR,2006,34767.00114,PISASCIENCE,BOY,520.0
420,United Kingdom,GBR,2006,34767.00114,PISASCIENCE,GIRL,510.0
421,United Kingdom,GBR,2006,34767.00114,PISASCIENCE,TOT,515.0
422,Greece,GRC,2006,28519.53894,PISAMATH,BOY,462.0
423,Greece,GRC,2006,28519.53894,PISAMATH,GIRL,457.0
424,Greece,GRC,2006,28519.53894,PISAMATH,TOT,459.0
425,Greece,GRC,2006,28519.53894,PISAREAD,BOY,432.0
426,Greece,GRC,2006,28519.53894,PISAREAD,GIRL,488.0
427,Greece,GRC,2006,28519.53894,PISAREAD,TOT,460.0
428,Greece,GRC,2006,28519.53894,PISASCIENCE,BOY,468.0
429,Greece,GRC,2006,28519.53894,PISASCIENCE,GIRL,479.0
430,Greece,GRC,2006,28519.53894,PISASCIENCE,TOT,473.0
431,Hungary,HUN,2006,18342.71523,PISAMATH,BOY,496.0
432,Hungary,HUN,2006,18342.71523,PISAMATH,GIRL,486.0
433,Hungary,HUN,2006,18342.71523,PISAMATH,TOT,491.0
434,Hungary,HUN,2006,18342.71523,PISAREAD,BOY,463.0
435,Hungary,HUN,2006,18342.71523,PISAREAD,GIRL,503.0
436,Hungary,HUN,2006,18342.71523,PISAREAD,TOT,482.0
437,Hungary,HUN,2006,18342.71523,PISASCIENCE,BOY,507.0
438,Hungary,HUN,2006,18342.71523,PISASCIENCE,GIRL,501.0
439,Hungary,HUN,2006,18342.71523,PISASCIENCE,TOT,504.0
440,Indonesia,IDN,2006,6534.07551,PISAMATH,BOY,399.0
441,Indonesia,IDN,2006,6534.07551,PISAMATH,GIRL,382.0
442,Indonesia,IDN,2006,6534.07551,PISAMATH,TOT,391.0
443,Indonesia,IDN,2006,6534.07551,PISAREAD,BOY,384.0
444,Indonesia,IDN,2006,6534.07551,PISAREAD,GIRL,402.0
445,Indonesia,IDN,2006,6534.07551,PISAREAD,TOT,393.0
446,Indonesia,IDN,2006,6534.07551,PISASCIENCE,BOY,399.0
447,Indonesia,IDN,2006,6534.07551,PISASCIENCE,GIRL,387.0
448,Indonesia,IDN,2006,6534.07551,PISASCIENCE,TOT,393.0
449,Ireland,IRL,2006,44204.9969,PISAMATH,BOY,507.0
450,Ireland,IRL,2006,44204.9969,PISAMATH,GIRL,496.0
451,Ireland,IRL,2006,44204.9969,PISAMATH,TOT,501.0
452,Ireland,IRL,2006,44204.9969,PISAREAD,BOY,500.0
453,Ireland,IRL,2006,44204.9969,PISAREAD,GIRL,534.0
454,Ireland,IRL,2006,44204.9969,PISAREAD,TOT,517.0
455,Ireland,IRL,2006,44204.9969,PISASCIENCE,BOY,508.0
456,Ireland,IRL,2006,44204.9969,PISASCIENCE,GIRL,509.0
457,Ireland,IRL,2006,44204.9969,PISASCIENCE,TOT,508.0
458,Iceland,ISL,2006,39093.95196,PISAMATH,BOY,503.0
459,Iceland,ISL,2006,39093.95196,PISAMATH,GIRL,508.0
460,Iceland,ISL,2006,39093.95196,PISAMATH,TOT,506.0
461,Iceland,ISL,2006,39093.95196,PISAREAD,BOY,460.0
462,Iceland,ISL,2006,39093.95196,PISAREAD,GIRL,509.0
463,Iceland,ISL,2006,39093.95196,PISAREAD,TOT,484.0
464,Iceland,ISL,2006,39093.95196,PISASCIENCE,BOY,488.0
465,Iceland,ISL,2006,39093.95196,PISASCIENCE,GIRL,494.0
466,Iceland,ISL,2006,39093.95196,PISASCIENCE,TOT,491.0
467,Israel,ISR,2006,25678.71429,PISAMATH,BOY,448.0
468,Israel,ISR,2006,25678.71429,PISAMATH,GIRL,436.0
469,Israel,ISR,2006,25678.71429,PISAMATH,TOT,442.0
470,Israel,ISR,2006,25678.71429,PISAREAD,BOY,417.0
471,Israel,ISR,2006,25678.71429,PISAREAD,GIRL,460.0
472,Israel,ISR,2006,25678.71429,PISAREAD,TOT,439.0
473,Israel,ISR,2006,25678.71429,PISASCIENCE,BOY,456.0
474,Israel,ISR,2006,25678.71429,PISASCIENCE,GIRL,452.0
475,Israel,ISR,2006,25678.71429,PISASCIENCE,TOT,454.0
476,Italy,ITA,2006,32419.93615,PISAMATH,BOY,470.0
477,Italy,ITA,2006,32419.93615,PISAMATH,GIRL,453.0
478,Italy,ITA,2006,32419.93615,PISAMATH,TOT,462.0
479,Italy,ITA,2006,32419.93615,PISAREAD,BOY,448.0
480,Italy,ITA,2006,32419.93615,PISAREAD,GIRL,489.0
481,Italy,ITA,2006,32419.93615,PISAREAD,TOT,469.0
482,Italy,ITA,2006,32419.93615,PISASCIENCE,BOY,477.0
483,Italy,ITA,2006,32419.93615,PISASCIENCE,GIRL,474.0
484,Italy,ITA,2006,32419.93615,PISASCIENCE,TOT,475.0
485,Japan,JPN,2006,33090.19626,PISAMATH,BOY,533.0
486,Japan,JPN,2006,33090.19626,PISAMATH,GIRL,513.0
487,Japan,JPN,2006,33090.19626,PISAMATH,TOT,523.0
488,Japan,JPN,2006,33090.19626,PISAREAD,BOY,483.0
489,Japan,JPN,2006,33090.19626,PISAREAD,GIRL,513.0
490,Japan,JPN,2006,33090.19626,PISAREAD,TOT,498.0
491,Japan,JPN,2006,33090.19626,PISASCIENCE,BOY,533.0
492,Japan,JPN,2006,33090.19626,PISASCIENCE,GIRL,530.0
493,Japan,JPN,2006,33090.19626,PISASCIENCE,TOT,531.0
494,"Korea, Rep.",KOR,2006,25820.97163,PISAMATH,BOY,552.0
495,"Korea, Rep.",KOR,2006,25820.97163,PISAMATH,GIRL,543.0
496,"Korea, Rep.",KOR,2006,25820.97163,PISAMATH,TOT,547.0
497,"Korea, Rep.",KOR,2006,25820.97163,PISAREAD,BOY,539.0
498,"Korea, Rep.",KOR,2006,25820.97163,PISAREAD,GIRL,574.0
499,"Korea, Rep.",KOR,2006,25820.97163,PISAREAD,TOT,556.0
500,"Korea, Rep.",KOR,2006,25820.97163,PISASCIENCE,BOY,521.0
501,"Korea, Rep.",KOR,2006,25820.97163,PISASCIENCE,GIRL,523.0
502,"Korea, Rep.",KOR,2006,25820.97163,PISASCIENCE,TOT,522.0
503,Luxembourg,LUX,2006,77951.36474,PISAMATH,BOY,498.0
504,Luxembourg,LUX,2006,77951.36474,PISAMATH,GIRL,482.0
505,Luxembourg,LUX,2006,77951.36474,PISAMATH,TOT,490.0
506,Luxembourg,LUX,2006,77951.36474,PISAREAD,BOY,464.0
507,Luxembourg,LUX,2006,77951.36474,PISAREAD,GIRL,495.0
508,Luxembourg,LUX,2006,77951.36474,PISAREAD,TOT,479.0
509,Luxembourg,LUX,2006,77951.36474,PISASCIENCE,BOY,491.0
510,Luxembourg,LUX,2006,77951.36474,PISASCIENCE,GIRL,482.0
511,Luxembourg,LUX,2006,77951.36474,PISASCIENCE,TOT,486.0
512,Latvia,LVA,2006,15745.10313,PISAMATH,TOT,486.0
513,Latvia,LVA,2006,15745.10313,PISAREAD,TOT,479.0
514,Latvia,LVA,2006,15745.10313,PISASCIENCE,TOT,490.0
515,Mexico,MEX,2006,13808.17762,PISAMATH,BOY,410.0
516,Mexico,MEX,2006,13808.17762,PISAMATH,GIRL,401.0
517,Mexico,MEX,2006,13808.17762,PISAMATH,TOT,406.0
518,Mexico,MEX,2006,13808.17762,PISAREAD,BOY,393.0
519,Mexico,MEX,2006,13808.17762,PISAREAD,GIRL,427.0
520,Mexico,MEX,2006,13808.17762,PISAREAD,TOT,410.0
521,Mexico,MEX,2006,13808.17762,PISASCIENCE,BOY,413.0
522,Mexico,MEX,2006,13808.17762,PISASCIENCE,GIRL,406.0
523,Mexico,MEX,2006,13808.17762,PISASCIENCE,TOT,410.0
524,Netherlands,NLD,2006,40971.26076,PISAMATH,BOY,537.0
525,Netherlands,NLD,2006,40971.26076,PISAMATH,GIRL,524.0
526,Netherlands,NLD,2006,40971.26076,PISAMATH,TOT,531.0
527,Netherlands,NLD,2006,40971.26076,PISAREAD,BOY,495.0
528,Netherlands,NLD,2006,40971.26076,PISAREAD,GIRL,519.0
529,Netherlands,NLD,2006,40971.26076,PISAREAD,TOT,507.0
530,Netherlands,NLD,2006,40971.26076,PISASCIENCE,BOY,528.0
531,Netherlands,NLD,2006,40971.26076,PISASCIENCE,GIRL,521.0
532,Netherlands,NLD,2006,40971.26076,PISASCIENCE,TOT,525.0
533,Norway,NOR,2006,54104.28927,PISAMATH,BOY,493.0
534,Norway,NOR,2006,54104.28927,PISAMATH,GIRL,487.0
535,Norway,NOR,2006,54104.28927,PISAMATH,TOT,490.0
536,Norway,NOR,2006,54104.28927,PISAREAD,BOY,462.0
537,Norway,NOR,2006,54104.28927,PISAREAD,GIRL,508.0
538,Norway,NOR,2006,54104.28927,PISAREAD,TOT,484.0
539,Norway,NOR,2006,54104.28927,PISASCIENCE,BOY,484.0
540,Norway,NOR,2006,54104.28927,PISASCIENCE,GIRL,489.0
541,Norway,NOR,2006,54104.28927,PISASCIENCE,TOT,487.0
542,New Zealand,NZL,2006,27758.16574,PISAMATH,BOY,527.0
543,New Zealand,NZL,2006,27758.16574,PISAMATH,GIRL,517.0
544,New Zealand,NZL,2006,27758.16574,PISAMATH,TOT,522.0
545,New Zealand,NZL,2006,27758.16574,PISAREAD,BOY,502.0
546,New Zealand,NZL,2006,27758.16574,PISAREAD,GIRL,539.0
547,New Zealand,NZL,2006,27758.16574,PISAREAD,TOT,521.0
548,New Zealand,NZL,2006,27758.16574,PISASCIENCE,BOY,528.0
549,New Zealand,NZL,2006,27758.16574,PISASCIENCE,GIRL,532.0
550,New Zealand,NZL,2006,27758.16574,PISASCIENCE,TOT,530.0
551,Poland,POL,2006,15142.18487,PISAMATH,BOY,500.0
552,Poland,POL,2006,15142.18487,PISAMATH,GIRL,491.0
553,Poland,POL,2006,15142.18487,PISAMATH,TOT,495.0
554,Poland,POL,2006,15142.18487,PISAREAD,BOY,487.0
555,Poland,POL,2006,15142.18487,PISAREAD,GIRL,528.0
556,Poland,POL,2006,15142.18487,PISAREAD,TOT,508.0
557,Poland,POL,2006,15142.18487,PISASCIENCE,BOY,500.0
558,Poland,POL,2006,15142.18487,PISASCIENCE,GIRL,496.0
559,Poland,POL,2006,15142.18487,PISASCIENCE,TOT,498.0
560,Portugal,PRT,2006,24657.10482,PISAMATH,BOY,474.0
561,Portugal,PRT,2006,24657.10482,PISAMATH,GIRL,459.0
562,Portugal,PRT,2006,24657.10482,PISAMATH,TOT,466.0
563,Portugal,PRT,2006,24657.10482,PISAREAD,BOY,455.0
564,Portugal,PRT,2006,24657.10482,PISAREAD,GIRL,488.0
565,Portugal,PRT,2006,24657.10482,PISAREAD,TOT,472.0
566,Portugal,PRT,2006,24657.10482,PISASCIENCE,BOY,477.0
567,Portugal,PRT,2006,24657.10482,PISASCIENCE,GIRL,472.0
568,Portugal,PRT,2006,24657.10482,PISASCIENCE,TOT,474.0
569,Russian Federation,RUS,2006,14912.2453,PISAMATH,TOT,476.0
570,Russian Federation,RUS,2006,14912.2453,PISAREAD,TOT,440.0
571,Russian Federation,RUS,2006,14912.2453,PISASCIENCE,TOT,478.0
572,Slovak Republic,SVK,2006,18894.40435,PISAMATH,BOY,499.0
573,Slovak Republic,SVK,2006,18894.40435,PISAMATH,GIRL,485.0
574,Slovak Republic,SVK,2006,18894.40435,PISAMATH,TOT,492.0
575,Slovak Republic,SVK,2006,18894.40435,PISAREAD,BOY,446.0
576,Slovak Republic,SVK,2006,18894.40435,PISAREAD,GIRL,488.0
577,Slovak Republic,SVK,2006,18894.40435,PISAREAD,TOT,466.0
578,Slovak Republic,SVK,2006,18894.40435,PISASCIENCE,BOY,491.0
579,Slovak Republic,SVK,2006,18894.40435,PISASCIENCE,GIRL,485.0
580,Slovak Republic,SVK,2006,18894.40435,PISASCIENCE,TOT,488.0
581,Slovenia,SVN,2006,25693.73095,PISAMATH,BOY,507.0
582,Slovenia,SVN,2006,25693.73095,PISAMATH,GIRL,502.0
583,Slovenia,SVN,2006,25693.73095,PISAMATH,TOT,504.0
584,Slovenia,SVN,2006,25693.73095,PISAREAD,BOY,467.0
585,Slovenia,SVN,2006,25693.73095,PISAREAD,GIRL,521.0
586,Slovenia,SVN,2006,25693.73095,PISAREAD,TOT,494.0
587,Slovenia,SVN,2006,25693.73095,PISASCIENCE,BOY,515.0
588,Slovenia,SVN,2006,25693.73095,PISASCIENCE,GIRL,523.0
589,Slovenia,SVN,2006,25693.73095,PISASCIENCE,TOT,519.0
590,Sweden,SWE,2006,37435.37573,PISAMATH,BOY,505.0
591,Sweden,SWE,2006,37435.37573,PISAMATH,GIRL,500.0
592,Sweden,SWE,2006,37435.37573,PISAMATH,TOT,502.0
593,Sweden,SWE,2006,37435.37573,PISAREAD,BOY,488.0
594,Sweden,SWE,2006,37435.37573,PISAREAD,GIRL,528.0
595,Sweden,SWE,2006,37435.37573,PISAREAD,TOT,507.0
596,Sweden,SWE,2006,37435.37573,PISASCIENCE,BOY,504.0
597,Sweden,SWE,2006,37435.37573,PISASCIENCE,GIRL,503.0
598,Sweden,SWE,2006,37435.37573,PISASCIENCE,TOT,503.0
599,Turkey,TUR,2006,13621.46548,PISAMATH,BOY,427.0
600,Turkey,TUR,2006,13621.46548,PISAMATH,GIRL,421.0
601,Turkey,TUR,2006,13621.46548,PISAMATH,TOT,424.0
602,Turkey,TUR,2006,13621.46548,PISAREAD,BOY,427.0
603,Turkey,TUR,2006,13621.46548,PISAREAD,GIRL,471.0
604,Turkey,TUR,2006,13621.46548,PISAREAD,TOT,447.0
605,Turkey,TUR,2006,13621.46548,PISASCIENCE,BOY,418.0
606,Turkey,TUR,2006,13621.46548,PISASCIENCE,GIRL,430.0
607,Turkey,TUR,2006,13621.46548,PISASCIENCE,TOT,424.0
608,United States,USA,2006,46298.73144,PISAMATH,BOY,479.0
609,United States,USA,2006,46298.73144,PISAMATH,GIRL,470.0
610,United States,USA,2006,46298.73144,PISAMATH,TOT,474.0
611,United States,USA,2006,46298.73144,PISASCIENCE,BOY,489.0
612,United States,USA,2006,46298.73144,PISASCIENCE,GIRL,489.0
613,United States,USA,2006,46298.73144,PISASCIENCE,TOT,489.0
614,Australia,AUS,2009,40300.30823,PISAMATH,BOY,519.0
615,Australia,AUS,2009,40300.30823,PISAMATH,GIRL,509.0
616,Australia,AUS,2009,40300.30823,PISAMATH,TOT,514.0
617,Australia,AUS,2009,40300.30823,PISAREAD,BOY,496.0
618,Australia,AUS,2009,40300.30823,PISAREAD,GIRL,533.0
619,Australia,AUS,2009,40300.30823,PISAREAD,TOT,515.0
620,Australia,AUS,2009,40300.30823,PISASCIENCE,BOY,527.0
621,Australia,AUS,2009,40300.30823,PISASCIENCE,GIRL,528.0
622,Australia,AUS,2009,40300.30823,PISASCIENCE,TOT,527.0
623,Belgium,BEL,2009,37757.28209,PISAMATH,BOY,526.0
624,Belgium,BEL,2009,37757.28209,PISAMATH,GIRL,504.0
625,Belgium,BEL,2009,37757.28209,PISAMATH,TOT,515.0
626,Belgium,BEL,2009,37757.28209,PISAREAD,BOY,493.0
627,Belgium,BEL,2009,37757.28209,PISAREAD,GIRL,520.0
628,Belgium,BEL,2009,37757.28209,PISAREAD,TOT,506.0
629,Belgium,BEL,2009,37757.28209,PISASCIENCE,BOY,510.0
630,Belgium,BEL,2009,37757.28209,PISASCIENCE,GIRL,503.0
631,Belgium,BEL,2009,37757.28209,PISASCIENCE,TOT,507.0
632,Brazil,BRA,2009,13288.43548,PISAMATH,BOY,394.0
633,Brazil,BRA,2009,13288.43548,PISAMATH,GIRL,379.0
634,Brazil,BRA,2009,13288.43548,PISAMATH,TOT,386.0
635,Brazil,BRA,2009,13288.43548,PISAREAD,BOY,397.0
636,Brazil,BRA,2009,13288.43548,PISAREAD,GIRL,425.0
637,Brazil,BRA,2009,13288.43548,PISAREAD,TOT,412.0
638,Brazil,BRA,2009,13288.43548,PISASCIENCE,BOY,407.0
639,Brazil,BRA,2009,13288.43548,PISASCIENCE,GIRL,404.0
640,Brazil,BRA,2009,13288.43548,PISASCIENCE,TOT,405.0
641,Canada,CAN,2009,38797.38505,PISAMATH,BOY,533.0
642,Canada,CAN,2009,38797.38505,PISAMATH,GIRL,521.0
643,Canada,CAN,2009,38797.38505,PISAMATH,TOT,527.0
644,Canada,CAN,2009,38797.38505,PISAREAD,BOY,507.0
645,Canada,CAN,2009,38797.38505,PISAREAD,GIRL,542.0
646,Canada,CAN,2009,38797.38505,PISAREAD,TOT,524.0
647,Canada,CAN,2009,38797.38505,PISASCIENCE,BOY,531.0
648,Canada,CAN,2009,38797.38505,PISASCIENCE,GIRL,526.0
649,Canada,CAN,2009,38797.38505,PISASCIENCE,TOT,529.0
650,Switzerland,CHE,2009,51769.03029,PISAMATH,BOY,544.0
651,Switzerland,CHE,2009,51769.03029,PISAMATH,GIRL,524.0
652,Switzerland,CHE,2009,51769.03029,PISAMATH,TOT,534.0
653,Switzerland,CHE,2009,51769.03029,PISAREAD,BOY,481.0
654,Switzerland,CHE,2009,51769.03029,PISAREAD,GIRL,520.0
655,Switzerland,CHE,2009,51769.03029,PISAREAD,TOT,501.0
656,Switzerland,CHE,2009,51769.03029,PISASCIENCE,BOY,520.0
657,Switzerland,CHE,2009,51769.03029,PISASCIENCE,GIRL,512.0
658,Switzerland,CHE,2009,51769.03029,PISASCIENCE,TOT,517.0
659,Chile,CHL,2009,16159.60523,PISAMATH,BOY,431.0
660,Chile,CHL,2009,16159.60523,PISAMATH,GIRL,410.0
661,Chile,CHL,2009,16159.60523,PISAMATH,TOT,421.0
662,Chile,CHL,2009,16159.60523,PISAREAD,BOY,439.0
663,Chile,CHL,2009,16159.60523,PISAREAD,GIRL,461.0
664,Chile,CHL,2009,16159.60523,PISAREAD,TOT,449.0
665,Chile,CHL,2009,16159.60523,PISASCIENCE,BOY,452.0
666,Chile,CHL,2009,16159.60523,PISASCIENCE,GIRL,443.0
667,Chile,CHL,2009,16159.60523,PISASCIENCE,TOT,447.0
668,Czech Republic,CZE,2009,27599.30086,PISAMATH,BOY,495.0
669,Czech Republic,CZE,2009,27599.30086,PISAMATH,GIRL,490.0
670,Czech Republic,CZE,2009,27599.30086,PISAMATH,TOT,493.0
671,Czech Republic,CZE,2009,27599.30086,PISAREAD,BOY,456.0
672,Czech Republic,CZE,2009,27599.30086,PISAREAD,GIRL,504.0
673,Czech Republic,CZE,2009,27599.30086,PISAREAD,TOT,478.0
674,Czech Republic,CZE,2009,27599.30086,PISASCIENCE,BOY,498.0
675,Czech Republic,CZE,2009,27599.30086,PISASCIENCE,GIRL,503.0
676,Czech Republic,CZE,2009,27599.30086,PISASCIENCE,TOT,500.0
677,Germany,DEU,2009,36823.38028,PISAMATH,BOY,520.0
678,Germany,DEU,2009,36823.38028,PISAMATH,GIRL,505.0
679,Germany,DEU,2009,36823.38028,PISAMATH,TOT,513.0
680,Germany,DEU,2009,36823.38028,PISAREAD,BOY,478.0
681,Germany,DEU,2009,36823.38028,PISAREAD,GIRL,518.0
682,Germany,DEU,2009,36823.38028,PISAREAD,TOT,497.0
683,Germany,DEU,2009,36823.38028,PISASCIENCE,BOY,523.0
684,Germany,DEU,2009,36823.38028,PISASCIENCE,GIRL,518.0
685,Germany,DEU,2009,36823.38028,PISASCIENCE,TOT,520.0
686,Denmark,DNK,2009,40339.67713,PISAMATH,BOY,511.0
687,Denmark,DNK,2009,40339.67713,PISAMATH,GIRL,495.0
688,Denmark,DNK,2009,40339.67713,PISAMATH,TOT,503.0
689,Denmark,DNK,2009,40339.67713,PISAREAD,BOY,480.0
690,Denmark,DNK,2009,40339.67713,PISAREAD,GIRL,509.0
691,Denmark,DNK,2009,40339.67713,PISAREAD,TOT,495.0
692,Denmark,DNK,2009,40339.67713,PISASCIENCE,BOY,505.0
693,Denmark,DNK,2009,40339.67713,PISASCIENCE,GIRL,494.0
694,Denmark,DNK,2009,40339.67713,PISASCIENCE,TOT,499.0
695,Spain,ESP,2009,32098.97505,PISAMATH,BOY,493.0
696,Spain,ESP,2009,32098.97505,PISAMATH,GIRL,474.0
697,Spain,ESP,2009,32098.97505,PISAMATH,TOT,483.0
698,Spain,ESP,2009,32098.97505,PISAREAD,BOY,467.0
699,Spain,ESP,2009,32098.97505,PISAREAD,GIRL,496.0
700,Spain,ESP,2009,32098.97505,PISAREAD,TOT,481.0
701,Spain,ESP,2009,32098.97505,PISASCIENCE,BOY,492.0
702,Spain,ESP,2009,32098.97505,PISASCIENCE,GIRL,485.0
703,Spain,ESP,2009,32098.97505,PISASCIENCE,TOT,488.0
704,Estonia,EST,2009,20597.93347,PISAMATH,BOY,516.0
705,Estonia,EST,2009,20597.93347,PISAMATH,GIRL,508.0
706,Estonia,EST,2009,20597.93347,PISAMATH,TOT,512.0
707,Estonia,EST,2009,20597.93347,PISAREAD,BOY,480.0
708,Estonia,EST,2009,20597.93347,PISAREAD,GIRL,524.0
709,Estonia,EST,2009,20597.93347,PISAREAD,TOT,501.0
710,Estonia,EST,2009,20597.93347,PISASCIENCE,BOY,527.0
711,Estonia,EST,2009,20597.93347,PISASCIENCE,GIRL,528.0
712,Estonia,EST,2009,20597.93347,PISASCIENCE,TOT,528.0
713,Finland,FIN,2009,37980.06516,PISAMATH,BOY,542.0
714,Finland,FIN,2009,37980.06516,PISAMATH,GIRL,539.0
715,Finland,FIN,2009,37980.06516,PISAMATH,TOT,541.0
716,Finland,FIN,2009,37980.06516,PISAREAD,BOY,508.0
717,Finland,FIN,2009,37980.06516,PISAREAD,GIRL,563.0
718,Finland,FIN,2009,37980.06516,PISAREAD,TOT,536.0
719,Finland,FIN,2009,37980.06516,PISASCIENCE,BOY,546.0
720,Finland,FIN,2009,37980.06516,PISASCIENCE,GIRL,562.0
721,Finland,FIN,2009,37980.06516,PISASCIENCE,TOT,554.0
722,France,FRA,2009,34685.1738,PISAMATH,BOY,505.0
723,France,FRA,2009,34685.1738,PISAMATH,GIRL,489.0
724,France,FRA,2009,34685.1738,PISAMATH,TOT,497.0
725,France,FRA,2009,34685.1738,PISAREAD,BOY,475.0
726,France,FRA,2009,34685.1738,PISAREAD,GIRL,515.0
727,France,FRA,2009,34685.1738,PISAREAD,TOT,496.0
728,France,FRA,2009,34685.1738,PISASCIENCE,BOY,500.0
729,France,FRA,2009,34685.1738,PISASCIENCE,GIRL,497.0
730,France,FRA,2009,34685.1738,PISASCIENCE,TOT,498.0
731,United Kingdom,GBR,2009,35003.49742,PISAMATH,BOY,503.0
732,United Kingdom,GBR,2009,35003.49742,PISAMATH,GIRL,482.0
733,United Kingdom,GBR,2009,35003.49742,PISAMATH,TOT,492.0
734,United Kingdom,GBR,2009,35003.49742,PISAREAD,BOY,481.0
735,United Kingdom,GBR,2009,35003.49742,PISAREAD,GIRL,507.0
736,United Kingdom,GBR,2009,35003.49742,PISAREAD,TOT,494.0
737,United Kingdom,GBR,2009,35003.49742,PISASCIENCE,BOY,519.0
738,United Kingdom,GBR,2009,35003.49742,PISASCIENCE,GIRL,509.0
739,United Kingdom,GBR,2009,35003.49742,PISASCIENCE,TOT,514.0
740,Greece,GRC,2009,30365.39993,PISAMATH,BOY,473.0
741,Greece,GRC,2009,30365.39993,PISAMATH,GIRL,459.0
742,Greece,GRC,2009,30365.39993,PISAMATH,TOT,466.0
743,Greece,GRC,2009,30365.39993,PISAREAD,BOY,459.0
744,Greece,GRC,2009,30365.39993,PISAREAD,GIRL,506.0
745,Greece,GRC,2009,30365.39993,PISAREAD,TOT,483.0
746,Greece,GRC,2009,30365.39993,PISASCIENCE,BOY,465.0
747,Greece,GRC,2009,30365.39993,PISASCIENCE,GIRL,475.0
748,Greece,GRC,2009,30365.39993,PISASCIENCE,TOT,470.0
749,Hungary,HUN,2009,20678.06831,PISAMATH,BOY,496.0
750,Hungary,HUN,2009,20678.06831,PISAMATH,GIRL,484.0
751,Hungary,HUN,2009,20678.06831,PISAMATH,TOT,490.0
752,Hungary,HUN,2009,20678.06831,PISAREAD,BOY,475.0
753,Hungary,HUN,2009,20678.06831,PISAREAD,GIRL,513.0
754,Hungary,HUN,2009,20678.06831,PISAREAD,TOT,494.0
755,Hungary,HUN,2009,20678.06831,PISASCIENCE,BOY,503.0
756,Hungary,HUN,2009,20678.06831,PISASCIENCE,GIRL,503.0
757,Hungary,HUN,2009,20678.06831,PISASCIENCE,TOT,503.0
758,Indonesia,IDN,2009,7813.090106,PISAMATH,BOY,371.0
759,Indonesia,IDN,2009,7813.090106,PISAMATH,GIRL,372.0
760,Indonesia,IDN,2009,7813.090106,PISAMATH,TOT,371.0
761,Indonesia,IDN,2009,7813.090106,PISAREAD,BOY,383.0
762,Indonesia,IDN,2009,7813.090106,PISAREAD,GIRL,420.0
763,Indonesia,IDN,2009,7813.090106,PISAREAD,TOT,402.0
764,Indonesia,IDN,2009,7813.090106,PISASCIENCE,BOY,378.0
765,Indonesia,IDN,2009,7813.090106,PISASCIENCE,GIRL,387.0
766,Indonesia,IDN,2009,7813.090106,PISASCIENCE,TOT,383.0
767,Ireland,IRL,2009,41621.71832,PISAMATH,BOY,491.0
768,Ireland,IRL,2009,41621.71832,PISAMATH,GIRL,483.0
769,Ireland,IRL,2009,41621.71832,PISAMATH,TOT,487.0
770,Ireland,IRL,2009,41621.71832,PISAREAD,BOY,476.0
771,Ireland,IRL,2009,41621.71832,PISAREAD,GIRL,515.0
772,Ireland,IRL,2009,41621.71832,PISAREAD,TOT,496.0
773,Ireland,IRL,2009,41621.71832,PISASCIENCE,BOY,507.0
774,Ireland,IRL,2009,41621.71832,PISASCIENCE,GIRL,509.0
775,Ireland,IRL,2009,41621.71832,PISASCIENCE,TOT,508.0
776,Iceland,ISL,2009,41905.36603,PISAMATH,BOY,508.0
777,Iceland,ISL,2009,41905.36603,PISAMATH,GIRL,505.0
778,Iceland,ISL,2009,41905.36603,PISAMATH,TOT,507.0
779,Iceland,ISL,2009,41905.36603,PISAREAD,BOY,478.0
780,Iceland,ISL,2009,41905.36603,PISAREAD,GIRL,522.0
781,Iceland,ISL,2009,41905.36603,PISAREAD,TOT,500.0
782,Iceland,ISL,2009,41905.36603,PISASCIENCE,BOY,496.0
783,Iceland,ISL,2009,41905.36603,PISASCIENCE,GIRL,495.0
784,Iceland,ISL,2009,41905.36603,PISASCIENCE,TOT,496.0
785,Israel,ISR,2009,27501.29414,PISAMATH,BOY,451.0
786,Israel,ISR,2009,27501.29414,PISAMATH,GIRL,443.0
787,Israel,ISR,2009,27501.29414,PISAMATH,TOT,447.0
788,Israel,ISR,2009,27501.29414,PISAREAD,BOY,452.0
789,Israel,ISR,2009,27501.29414,PISAREAD,GIRL,495.0
790,Israel,ISR,2009,27501.29414,PISAREAD,TOT,474.0
791,Israel,ISR,2009,27501.29414,PISASCIENCE,BOY,453.0
792,Israel,ISR,2009,27501.29414,PISASCIENCE,GIRL,456.0
793,Israel,ISR,2009,27501.29414,PISASCIENCE,TOT,455.0
794,Italy,ITA,2009,34610.03145,PISAMATH,BOY,490.0
795,Italy,ITA,2009,34610.03145,PISAMATH,GIRL,475.0
796,Italy,ITA,2009,34610.03145,PISAMATH,TOT,483.0
797,Italy,ITA,2009,34610.03145,PISAREAD,BOY,464.0
798,Italy,ITA,2009,34610.03145,PISAREAD,GIRL,510.0
799,Italy,ITA,2009,34610.03145,PISAREAD,TOT,486.0
800,Italy,ITA,2009,34610.03145,PISASCIENCE,BOY,488.0
801,Italy,ITA,2009,34610.03145,PISASCIENCE,GIRL,490.0
802,Italy,ITA,2009,34610.03145,PISASCIENCE,TOT,489.0
803,Japan,JPN,2009,33198.61611,PISAMATH,BOY,534.0
804,Japan,JPN,2009,33198.61611,PISAMATH,GIRL,524.0
805,Japan,JPN,2009,33198.61611,PISAMATH,TOT,529.0
806,Japan,JPN,2009,33198.61611,PISAREAD,BOY,501.0
807,Japan,JPN,2009,33198.61611,PISAREAD,GIRL,540.0
808,Japan,JPN,2009,33198.61611,PISAREAD,TOT,520.0
809,Japan,JPN,2009,33198.61611,PISASCIENCE,BOY,534.0
810,Japan,JPN,2009,33198.61611,PISASCIENCE,GIRL,545.0
811,Japan,JPN,2009,33198.61611,PISASCIENCE,TOT,539.0
812,"Korea, Rep.",KOR,2009,28325.2093,PISAMATH,BOY,548.0
813,"Korea, Rep.",KOR,2009,28325.2093,PISAMATH,GIRL,544.0
814,"Korea, Rep.",KOR,2009,28325.2093,PISAMATH,TOT,546.0
815,"Korea, Rep.",KOR,2009,28325.2093,PISAREAD,BOY,523.0
816,"Korea, Rep.",KOR,2009,28325.2093,PISAREAD,GIRL,558.0
817,"Korea, Rep.",KOR,2009,28325.2093,PISAREAD,TOT,539.0
818,"Korea, Rep.",KOR,2009,28325.2093,PISASCIENCE,BOY,537.0
819,"Korea, Rep.",KOR,2009,28325.2093,PISASCIENCE,GIRL,539.0
820,"Korea, Rep.",KOR,2009,28325.2093,PISASCIENCE,TOT,538.0
821,Luxembourg,LUX,2009,82278.19739,PISAMATH,BOY,499.0
822,Luxembourg,LUX,2009,82278.19739,PISAMATH,GIRL,479.0
823,Luxembourg,LUX,2009,82278.19739,PISAMATH,TOT,489.0
824,Luxembourg,LUX,2009,82278.19739,PISAREAD,BOY,453.0
825,Luxembourg,LUX,2009,82278.19739,PISAREAD,GIRL,492.0
826,Luxembourg,LUX,2009,82278.19739,PISAREAD,TOT,472.0
827,Luxembourg,LUX,2009,82278.19739,PISASCIENCE,BOY,487.0
828,Luxembourg,LUX,2009,82278.19739,PISASCIENCE,GIRL,480.0
829,Luxembourg,LUX,2009,82278.19739,PISASCIENCE,TOT,484.0
830,Latvia,LVA,2009,16924.03115,PISAMATH,TOT,482.0
831,Latvia,LVA,2009,16924.03115,PISAREAD,TOT,484.0
832,Latvia,LVA,2009,16924.03115,PISASCIENCE,TOT,494.0
833,Mexico,MEX,2009,14558.24481,PISAMATH,BOY,425.0
834,Mexico,MEX,2009,14558.24481,PISAMATH,GIRL,412.0
835,Mexico,MEX,2009,14558.24481,PISAMATH,TOT,419.0
836,Mexico,MEX,2009,14558.24481,PISAREAD,BOY,413.0
837,Mexico,MEX,2009,14558.24481,PISAREAD,GIRL,438.0
838,Mexico,MEX,2009,14558.24481,PISAREAD,TOT,425.0
839,Mexico,MEX,2009,14558.24481,PISASCIENCE,BOY,419.0
840,Mexico,MEX,2009,14558.24481,PISASCIENCE,GIRL,413.0
841,Mexico,MEX,2009,14558.24481,PISASCIENCE,TOT,416.0
842,Netherlands,NLD,2009,44566.0619,PISAMATH,BOY,534.0
843,Netherlands,NLD,2009,44566.0619,PISAMATH,GIRL,517.0
844,Netherlands,NLD,2009,44566.0619,PISAMATH,TOT,526.0
845,Netherlands,NLD,2009,44566.0619,PISAREAD,BOY,496.0
846,Netherlands,NLD,2009,44566.0619,PISAREAD,GIRL,521.0
847,Netherlands,NLD,2009,44566.0619,PISAREAD,TOT,508.0
848,Netherlands,NLD,2009,44566.0619,PISASCIENCE,BOY,524.0
849,Netherlands,NLD,2009,44566.0619,PISASCIENCE,GIRL,520.0
850,Netherlands,NLD,2009,44566.0619,PISASCIENCE,TOT,522.0
851,Norway,NOR,2009,55375.57628,PISAMATH,BOY,500.0
852,Norway,NOR,2009,55375.57628,PISAMATH,GIRL,495.0
853,Norway,NOR,2009,55375.57628,PISAMATH,TOT,498.0
854,Norway,NOR,2009,55375.57628,PISAREAD,BOY,480.0
855,Norway,NOR,2009,55375.57628,PISAREAD,GIRL,527.0
856,Norway,NOR,2009,55375.57628,PISAREAD,TOT,503.0
857,Norway,NOR,2009,55375.57628,PISASCIENCE,BOY,498.0
858,Norway,NOR,2009,55375.57628,PISASCIENCE,GIRL,502.0
859,Norway,NOR,2009,55375.57628,PISASCIENCE,TOT,500.0
860,New Zealand,NZL,2009,30699.66202,PISAMATH,BOY,523.0
861,New Zealand,NZL,2009,30699.66202,PISAMATH,GIRL,515.0
862,New Zealand,NZL,2009,30699.66202,PISAMATH,TOT,519.0
863,New Zealand,NZL,2009,30699.66202,PISAREAD,BOY,499.0
864,New Zealand,NZL,2009,30699.66202,PISAREAD,GIRL,544.0
865,New Zealand,NZL,2009,30699.66202,PISAREAD,TOT,521.0
866,New Zealand,NZL,2009,30699.66202,PISASCIENCE,BOY,529.0
867,New Zealand,NZL,2009,30699.66202,PISASCIENCE,GIRL,535.0
868,New Zealand,NZL,2009,30699.66202,PISASCIENCE,TOT,532.0
869,Poland,POL,2009,19246.44868,PISAMATH,BOY,497.0
870,Poland,POL,2009,19246.44868,PISAMATH,GIRL,493.0
871,Poland,POL,2009,19246.44868,PISAMATH,TOT,495.0
872,Poland,POL,2009,19246.44868,PISAREAD,BOY,476.0
873,Poland,POL,2009,19246.44868,PISAREAD,GIRL,525.0
874,Poland,POL,2009,19246.44868,PISAREAD,TOT,500.0
875,Poland,POL,2009,19246.44868,PISASCIENCE,BOY,505.0
876,Poland,POL,2009,19246.44868,PISASCIENCE,GIRL,511.0
877,Poland,POL,2009,19246.44868,PISASCIENCE,TOT,508.0
878,Portugal,PRT,2009,26464.31081,PISAMATH,BOY,493.0
879,Portugal,PRT,2009,26464.31081,PISAMATH,GIRL,481.0
880,Portugal,PRT,2009,26464.31081,PISAMATH,TOT,487.0
881,Portugal,PRT,2009,26464.31081,PISAREAD,BOY,470.0
882,Portugal,PRT,2009,26464.31081,PISAREAD,GIRL,508.0
883,Portugal,PRT,2009,26464.31081,PISAREAD,TOT,489.0
884,Portugal,PRT,2009,26464.31081,PISASCIENCE,BOY,491.0
885,Portugal,PRT,2009,26464.31081,PISASCIENCE,GIRL,495.0
886,Portugal,PRT,2009,26464.31081,PISASCIENCE,TOT,493.0
887,Russian Federation,RUS,2009,19389.94213,PISAMATH,BOY,469.0
888,Russian Federation,RUS,2009,19389.94213,PISAMATH,GIRL,467.0
889,Russian Federation,RUS,2009,19389.94213,PISAMATH,TOT,468.0
890,Russian Federation,RUS,2009,19389.94213,PISAREAD,BOY,437.0
891,Russian Federation,RUS,2009,19389.94213,PISAREAD,GIRL,482.0
892,Russian Federation,RUS,2009,19389.94213,PISAREAD,TOT,459.0
893,Russian Federation,RUS,2009,19389.94213,PISASCIENCE,BOY,477.0
894,Russian Federation,RUS,2009,19389.94213,PISASCIENCE,GIRL,480.0
895,Russian Federation,RUS,2009,19389.94213,PISASCIENCE,TOT,486.0
896,Slovak Republic,SVK,2009,23085.33289,PISAMATH,BOY,498.0
897,Slovak Republic,SVK,2009,23085.33289,PISAMATH,GIRL,495.0
898,Slovak Republic,SVK,2009,23085.33289,PISAMATH,TOT,497.0
899,Slovak Republic,SVK,2009,23085.33289,PISAREAD,BOY,452.0
900,Slovak Republic,SVK,2009,23085.33289,PISAREAD,GIRL,503.0
901,Slovak Republic,SVK,2009,23085.33289,PISAREAD,TOT,477.0
902,Slovak Republic,SVK,2009,23085.33289,PISASCIENCE,BOY,490.0
903,Slovak Republic,SVK,2009,23085.33289,PISASCIENCE,GIRL,491.0
904,Slovak Republic,SVK,2009,23085.33289,PISASCIENCE,TOT,490.0
905,Slovenia,SVN,2009,27543.39118,PISAMATH,BOY,502.0
906,Slovenia,SVN,2009,27543.39118,PISAMATH,GIRL,501.0
907,Slovenia,SVN,2009,27543.39118,PISAMATH,TOT,501.0
908,Slovenia,SVN,2009,27543.39118,PISAREAD,BOY,456.0
909,Slovenia,SVN,2009,27543.39118,PISAREAD,GIRL,511.0
910,Slovenia,SVN,2009,27543.39118,PISAREAD,TOT,483.0
911,Slovenia,SVN,2009,27543.39118,PISASCIENCE,BOY,505.0
912,Slovenia,SVN,2009,27543.39118,PISASCIENCE,GIRL,519.0
913,Slovenia,SVN,2009,27543.39118,PISASCIENCE,TOT,512.0
914,Sweden,SWE,2009,40156.41031,PISAMATH,BOY,493.0
915,Sweden,SWE,2009,40156.41031,PISAMATH,GIRL,495.0
916,Sweden,SWE,2009,40156.41031,PISAMATH,TOT,494.0
917,Sweden,SWE,2009,40156.41031,PISAREAD,BOY,475.0
918,Sweden,SWE,2009,40156.41031,PISAREAD,GIRL,521.0
919,Sweden,SWE,2009,40156.41031,PISAREAD,TOT,497.0
920,Sweden,SWE,2009,40156.41031,PISASCIENCE,BOY,493.0
921,Sweden,SWE,2009,40156.41031,PISASCIENCE,GIRL,497.0
922,Sweden,SWE,2009,40156.41031,PISASCIENCE,TOT,495.0
923,Turkey,TUR,2009,15489.87192,PISAMATH,BOY,451.0
924,Turkey,TUR,2009,15489.87192,PISAMATH,GIRL,440.0
925,Turkey,TUR,2009,15489.87192,PISAMATH,TOT,445.0
926,Turkey,TUR,2009,15489.87192,PISAREAD,BOY,443.0
927,Turkey,TUR,2009,15489.87192,PISAREAD,GIRL,486.0
928,Turkey,TUR,2009,15489.87192,PISAREAD,TOT,464.0
929,Turkey,TUR,2009,15489.87192,PISASCIENCE,BOY,448.0
930,Turkey,TUR,2009,15489.87192,PISASCIENCE,GIRL,460.0
931,Turkey,TUR,2009,15489.87192,PISASCIENCE,TOT,454.0
932,United States,USA,2009,47099.98047,PISAMATH,BOY,497.0
933,United States,USA,2009,47099.98047,PISAMATH,GIRL,477.0
934,United States,USA,2009,47099.98047,PISAMATH,TOT,487.0
935,United States,USA,2009,47099.98047,PISAREAD,BOY,488.0
936,United States,USA,2009,47099.98047,PISAREAD,GIRL,513.0
937,United States,USA,2009,47099.98047,PISAREAD,TOT,500.0
938,United States,USA,2009,47099.98047,PISASCIENCE,BOY,509.0
939,United States,USA,2009,47099.98047,PISASCIENCE,GIRL,495.0
940,United States,USA,2009,47099.98047,PISASCIENCE,TOT,502.0
941,Australia,AUS,2012,42826.78958,PISAMATH,BOY,510.115
942,Australia,AUS,2012,42826.78958,PISAMATH,GIRL,497.821
943,Australia,AUS,2012,42826.78958,PISAMATH,TOT,504.0
944,Australia,AUS,2012,42826.78958,PISAREAD,BOY,495.09
945,Australia,AUS,2012,42826.78958,PISAREAD,GIRL,529.542
946,Australia,AUS,2012,42826.78958,PISAREAD,TOT,512.0
947,Australia,AUS,2012,42826.78958,PISASCIENCE,BOY,523.728
948,Australia,AUS,2012,42826.78958,PISASCIENCE,GIRL,519.124
949,Australia,AUS,2012,42826.78958,PISASCIENCE,TOT,521.0
950,Austria,AUT,2012,46457.34578,PISAMATH,BOY,516.682
951,Austria,AUT,2012,46457.34578,PISAMATH,GIRL,494.462
952,Austria,AUT,2012,46457.34578,PISAMATH,TOT,506.0
953,Austria,AUT,2012,46457.34578,PISAREAD,BOY,471.093
954,Austria,AUT,2012,46457.34578,PISAREAD,GIRL,508.021
955,Austria,AUT,2012,46457.34578,PISAREAD,TOT,490.0
956,Austria,AUT,2012,46457.34578,PISASCIENCE,BOY,510.108
957,Austria,AUT,2012,46457.34578,PISASCIENCE,GIRL,501.479
958,Austria,AUT,2012,46457.34578,PISASCIENCE,TOT,506.0
959,Belgium,BEL,2012,42290.76205,PISAMATH,BOY,520.081
960,Belgium,BEL,2012,42290.76205,PISAMATH,GIRL,508.935
961,Belgium,BEL,2012,42290.76205,PISAMATH,TOT,515.0
962,Belgium,BEL,2012,42290.76205,PISAREAD,BOY,492.755
963,Belgium,BEL,2012,42290.76205,PISAREAD,GIRL,524.602
964,Belgium,BEL,2012,42290.76205,PISAREAD,TOT,509.0
965,Belgium,BEL,2012,42290.76205,PISASCIENCE,BOY,506.82
966,Belgium,BEL,2012,42290.76205,PISASCIENCE,GIRL,502.9
967,Belgium,BEL,2012,42290.76205,PISASCIENCE,TOT,505.0
968,Brazil,BRA,2012,15506.55426,PISAMATH,BOY,400.769
969,Brazil,BRA,2012,15506.55426,PISAMATH,GIRL,382.925
970,Brazil,BRA,2012,15506.55426,PISAMATH,TOT,389.0
971,Brazil,BRA,2012,15506.55426,PISAREAD,BOY,394.184
972,Brazil,BRA,2012,15506.55426,PISAREAD,GIRL,424.734
973,Brazil,BRA,2012,15506.55426,PISAREAD,TOT,407.0
974,Brazil,BRA,2012,15506.55426,PISASCIENCE,BOY,405.541
975,Brazil,BRA,2012,15506.55426,PISASCIENCE,GIRL,403.949
976,Brazil,BRA,2012,15506.55426,PISASCIENCE,TOT,402.0
977,Canada,CAN,2012,42189.19611,PISAMATH,BOY,523.154
978,Canada,CAN,2012,42189.19611,PISAMATH,GIRL,513.022
979,Canada,CAN,2012,42189.19611,PISAMATH,TOT,518.0
980,Canada,CAN,2012,42189.19611,PISAREAD,BOY,505.512
981,Canada,CAN,2012,42189.19611,PISAREAD,GIRL,540.657
982,Canada,CAN,2012,42189.19611,PISAREAD,TOT,523.0
983,Canada,CAN,2012,42189.19611,PISASCIENCE,BOY,526.875
984,Canada,CAN,2012,42189.19611,PISASCIENCE,GIRL,524.053
985,Canada,CAN,2012,42189.19611,PISASCIENCE,TOT,525.0
986,Switzerland,CHE,2012,57849.57204,PISAMATH,BOY,537.369
987,Switzerland,CHE,2012,57849.57204,PISAMATH,GIRL,524.473
988,Switzerland,CHE,2012,57849.57204,PISAMATH,TOT,531.0
989,Switzerland,CHE,2012,57849.57204,PISAREAD,BOY,491.074
990,Switzerland,CHE,2012,57849.57204,PISAREAD,GIRL,527.064
991,Switzerland,CHE,2012,57849.57204,PISAREAD,TOT,509.0
992,Switzerland,CHE,2012,57849.57204,PISASCIENCE,BOY,518.255
993,Switzerland,CHE,2012,57849.57204,PISASCIENCE,GIRL,512.331
994,Switzerland,CHE,2012,57849.57204,PISASCIENCE,TOT,515.0
995,Chile,CHL,2012,21507.7074,PISAMATH,BOY,435.525
996,Chile,CHL,2012,21507.7074,PISAMATH,GIRL,410.543
997,Chile,CHL,2012,21507.7074,PISAMATH,TOT,423.0
998,Chile,CHL,2012,21507.7074,PISAREAD,BOY,429.696
999,Chile,CHL,2012,21507.7074,PISAREAD,GIRL,452.371
1000,Chile,CHL,2012,21507.7074,PISAREAD,TOT,441.0
1001,Chile,CHL,2012,21507.7074,PISASCIENCE,BOY,448.441
1002,Chile,CHL,2012,21507.7074,PISASCIENCE,GIRL,441.645
1003,Chile,CHL,2012,21507.7074,PISASCIENCE,TOT,445.0
1004,Czech Republic,CZE,2012,29047.24644,PISAMATH,BOY,504.71
1005,Czech Republic,CZE,2012,29047.24644,PISAMATH,GIRL,492.903
1006,Czech Republic,CZE,2012,29047.24644,PISAMATH,TOT,499.0
1007,Czech Republic,CZE,2012,29047.24644,PISAREAD,BOY,473.983
1008,Czech Republic,CZE,2012,29047.24644,PISAREAD,GIRL,512.79
1009,Czech Republic,CZE,2012,29047.24644,PISAREAD,TOT,493.0
1010,Czech Republic,CZE,2012,29047.24644,PISASCIENCE,BOY,508.721
1011,Czech Republic,CZE,2012,29047.24644,PISASCIENCE,GIRL,507.855
1012,Czech Republic,CZE,2012,29047.24644,PISASCIENCE,TOT,508.0
1013,Germany,DEU,2012,43359.61483,PISAMATH,BOY,520.19
1014,Germany,DEU,2012,43359.61483,PISAMATH,GIRL,506.625
1015,Germany,DEU,2012,43359.61483,PISAMATH,TOT,514.0
1016,Germany,DEU,2012,43359.61483,PISAREAD,BOY,486.0
1017,Germany,DEU,2012,43359.61483,PISAREAD,GIRL,530.119
1018,Germany,DEU,2012,43359.61483,PISAREAD,TOT,508.0
1019,Germany,DEU,2012,43359.61483,PISASCIENCE,BOY,523.86
1020,Germany,DEU,2012,43359.61483,PISASCIENCE,GIRL,524.391
1021,Germany,DEU,2012,43359.61483,PISASCIENCE,TOT,524.0
1022,Denmark,DNK,2012,44803.96824,PISAMATH,BOY,506.953
1023,Denmark,DNK,2012,44803.96824,PISAMATH,GIRL,493.029
1024,Denmark,DNK,2012,44803.96824,PISAMATH,TOT,500.0
1025,Denmark,DNK,2012,44803.96824,PISAREAD,BOY,480.89
1026,Denmark,DNK,2012,44803.96824,PISAREAD,GIRL,511.529
1027,Denmark,DNK,2012,44803.96824,PISAREAD,TOT,496.0
1028,Denmark,DNK,2012,44803.96824,PISASCIENCE,BOY,503.533
1029,Denmark,DNK,2012,44803.96824,PISASCIENCE,GIRL,493.363
1030,Denmark,DNK,2012,44803.96824,PISASCIENCE,TOT,498.0
1031,Spain,ESP,2012,31720.12,PISAMATH,BOY,492.422
1032,Spain,ESP,2012,31720.12,PISAMATH,GIRL,475.965
1033,Spain,ESP,2012,31720.12,PISAMATH,TOT,484.0
1034,Spain,ESP,2012,31720.12,PISAREAD,BOY,473.806
1035,Spain,ESP,2012,31720.12,PISAREAD,GIRL,502.511
1036,Spain,ESP,2012,31720.12,PISAREAD,TOT,488.0
1037,Spain,ESP,2012,31720.12,PISASCIENCE,BOY,500.119
1038,Spain,ESP,2012,31720.12,PISASCIENCE,GIRL,492.658
1039,Spain,ESP,2012,31720.12,PISASCIENCE,TOT,496.0
1040,Estonia,EST,2012,26190.55295,PISAMATH,BOY,523.214
1041,Estonia,EST,2012,26190.55295,PISAMATH,GIRL,517.93
1042,Estonia,EST,2012,26190.55295,PISAMATH,TOT,521.0
1043,Estonia,EST,2012,26190.55295,PISAREAD,BOY,494.319
1044,Estonia,EST,2012,26190.55295,PISAREAD,GIRL,537.833
1045,Estonia,EST,2012,26190.55295,PISAREAD,TOT,516.0
1046,Estonia,EST,2012,26190.55295,PISASCIENCE,BOY,540.177
1047,Estonia,EST,2012,26190.55295,PISASCIENCE,GIRL,542.608
1048,Estonia,EST,2012,26190.55295,PISASCIENCE,TOT,541.0
1049,Finland,FIN,2012,40873.09533,PISAMATH,BOY,517.391
1050,Finland,FIN,2012,40873.09533,PISAMATH,GIRL,520.185
1051,Finland,FIN,2012,40873.09533,PISAMATH,TOT,519.0
1052,Finland,FIN,2012,40873.09533,PISAREAD,BOY,494.006
1053,Finland,FIN,2012,40873.09533,PISAREAD,GIRL,555.708
1054,Finland,FIN,2012,40873.09533,PISAREAD,TOT,524.0
1055,Finland,FIN,2012,40873.09533,PISASCIENCE,BOY,537.436
1056,Finland,FIN,2012,40873.09533,PISASCIENCE,GIRL,553.893
1057,Finland,FIN,2012,40873.09533,PISASCIENCE,TOT,545.0
1058,France,FRA,2012,37679.12178,PISAMATH,BOY,499.355
1059,France,FRA,2012,37679.12178,PISAMATH,GIRL,490.853
1060,France,FRA,2012,37679.12178,PISAMATH,TOT,495.0
1061,France,FRA,2012,37679.12178,PISAREAD,BOY,482.972
1062,France,FRA,2012,37679.12178,PISAREAD,GIRL,526.765
1063,France,FRA,2012,37679.12178,PISAREAD,TOT,505.0
1064,France,FRA,2012,37679.12178,PISASCIENCE,BOY,497.716
1065,France,FRA,2012,37679.12178,PISASCIENCE,GIRL,500.157
1066,France,FRA,2012,37679.12178,PISASCIENCE,TOT,499.0
1067,United Kingdom,GBR,2012,38311.84608,PISAMATH,BOY,500.295
1068,United Kingdom,GBR,2012,38311.84608,PISAMATH,GIRL,487.815
1069,United Kingdom,GBR,2012,38311.84608,PISAMATH,TOT,494.0
1070,United Kingdom,GBR,2012,38311.84608,PISAREAD,BOY,486.631
1071,United Kingdom,GBR,2012,38311.84608,PISAREAD,GIRL,511.534
1072,United Kingdom,GBR,2012,38311.84608,PISAREAD,TOT,499.0
1073,United Kingdom,GBR,2012,38311.84608,PISASCIENCE,BOY,520.622
1074,United Kingdom,GBR,2012,38311.84608,PISASCIENCE,GIRL,507.883
1075,United Kingdom,GBR,2012,38311.84608,PISASCIENCE,TOT,514.0
1076,Greece,GRC,2012,25284.46408,PISAMATH,BOY,457.039
1077,Greece,GRC,2012,25284.46408,PISAMATH,GIRL,448.984
1078,Greece,GRC,2012,25284.46408,PISAMATH,TOT,453.0
1079,Greece,GRC,2012,25284.46408,PISAREAD,BOY,451.718
1080,Greece,GRC,2012,25284.46408,PISAREAD,GIRL,502.198
1081,Greece,GRC,2012,25284.46408,PISAREAD,TOT,477.0
1082,Greece,GRC,2012,25284.46408,PISASCIENCE,BOY,460.02
1083,Greece,GRC,2012,25284.46408,PISASCIENCE,GIRL,473.298
1084,Greece,GRC,2012,25284.46408,PISASCIENCE,TOT,467.0
1085,Hungary,HUN,2012,23148.12788,PISAMATH,BOY,481.749
1086,Hungary,HUN,2012,23148.12788,PISAMATH,GIRL,472.664
1087,Hungary,HUN,2012,23148.12788,PISAMATH,TOT,477.0
1088,Hungary,HUN,2012,23148.12788,PISAREAD,BOY,467.964
1089,Hungary,HUN,2012,23148.12788,PISAREAD,GIRL,507.549
1090,Hungary,HUN,2012,23148.12788,PISAREAD,TOT,488.0
1091,Hungary,HUN,2012,23148.12788,PISASCIENCE,BOY,495.913
1092,Hungary,HUN,2012,23148.12788,PISASCIENCE,GIRL,492.803
1093,Hungary,HUN,2012,23148.12788,PISASCIENCE,TOT,494.0
1094,Indonesia,IDN,2012,9444.948401,PISAMATH,BOY,377.376
1095,Indonesia,IDN,2012,9444.948401,PISAMATH,GIRL,372.785
1096,Indonesia,IDN,2012,9444.948401,PISAMATH,TOT,375.0
1097,Indonesia,IDN,2012,9444.948401,PISAREAD,BOY,382.254
1098,Indonesia,IDN,2012,9444.948401,PISAREAD,GIRL,410.408
1099,Indonesia,IDN,2012,9444.948401,PISAREAD,TOT,396.0
1100,Indonesia,IDN,2012,9444.948401,PISASCIENCE,BOY,380.409
1101,Indonesia,IDN,2012,9444.948401,PISASCIENCE,GIRL,383.459
1102,Indonesia,IDN,2012,9444.948401,PISASCIENCE,TOT,382.0
1103,Ireland,IRL,2012,46256.56888,PISAMATH,BOY,509.035
1104,Ireland,IRL,2012,46256.56888,PISAMATH,GIRL,493.705
1105,Ireland,IRL,2012,46256.56888,PISAMATH,TOT,501.0
1106,Ireland,IRL,2012,46256.56888,PISAREAD,BOY,509.153
1107,Ireland,IRL,2012,46256.56888,PISAREAD,GIRL,537.669
1108,Ireland,IRL,2012,46256.56888,PISAREAD,TOT,523.0
1109,Ireland,IRL,2012,46256.56888,PISASCIENCE,BOY,523.942
1110,Ireland,IRL,2012,46256.56888,PISASCIENCE,GIRL,520.0
1111,Ireland,IRL,2012,46256.56888,PISASCIENCE,TOT,522.0
1112,Iceland,ISL,2012,41926.34194,PISAMATH,BOY,489.72
1113,Iceland,ISL,2012,41926.34194,PISAMATH,GIRL,495.947
1114,Iceland,ISL,2012,41926.34194,PISAMATH,TOT,493.0
1115,Iceland,ISL,2012,41926.34194,PISAREAD,BOY,457.275
1116,Iceland,ISL,2012,41926.34194,PISAREAD,GIRL,508.39
1117,Iceland,ISL,2012,41926.34194,PISAREAD,TOT,483.0
1118,Iceland,ISL,2012,41926.34194,PISASCIENCE,BOY,476.676
1119,Iceland,ISL,2012,41926.34194,PISASCIENCE,GIRL,479.669
1120,Iceland,ISL,2012,41926.34194,PISASCIENCE,TOT,478.0
1121,Israel,ISR,2012,31693.91787,PISAMATH,BOY,472.398
1122,Israel,ISR,2012,31693.91787,PISAMATH,GIRL,460.749
1123,Israel,ISR,2012,31693.91787,PISAMATH,TOT,466.0
1124,Israel,ISR,2012,31693.91787,PISAREAD,BOY,463.46
1125,Israel,ISR,2012,31693.91787,PISAREAD,GIRL,507.451
1126,Israel,ISR,2012,31693.91787,PISAREAD,TOT,486.0
1127,Israel,ISR,2012,31693.91787,PISASCIENCE,BOY,469.715
1128,Israel,ISR,2012,31693.91787,PISASCIENCE,GIRL,470.419
1129,Israel,ISR,2012,31693.91787,PISASCIENCE,TOT,470.0
1130,Italy,ITA,2012,36486.29679,PISAMATH,BOY,494.199
1131,Italy,ITA,2012,36486.29679,PISAMATH,GIRL,475.794
1132,Italy,ITA,2012,36486.29679,PISAMATH,TOT,485.0
1133,Italy,ITA,2012,36486.29679,PISAREAD,BOY,470.938
1134,Italy,ITA,2012,36486.29679,PISAREAD,GIRL,509.945
1135,Italy,ITA,2012,36486.29679,PISAREAD,TOT,490.0
1136,Italy,ITA,2012,36486.29679,PISASCIENCE,BOY,494.897
1137,Italy,ITA,2012,36486.29679,PISASCIENCE,GIRL,492.087
1138,Italy,ITA,2012,36486.29679,PISASCIENCE,TOT,494.0
1139,Japan,JPN,2012,37191.38595,PISAMATH,BOY,544.884
1140,Japan,JPN,2012,37191.38595,PISAMATH,GIRL,527.011
1141,Japan,JPN,2012,37191.38595,PISAMATH,TOT,536.0
1142,Japan,JPN,2012,37191.38595,PISAREAD,BOY,526.618
1143,Japan,JPN,2012,37191.38595,PISAREAD,GIRL,550.724
1144,Japan,JPN,2012,37191.38595,PISAREAD,TOT,538.0
1145,Japan,JPN,2012,37191.38595,PISASCIENCE,BOY,551.947
1146,Japan,JPN,2012,37191.38595,PISASCIENCE,GIRL,540.959
1147,Japan,JPN,2012,37191.38595,PISASCIENCE,TOT,547.0
1148,"Korea, Rep.",KOR,2012,32097.164,PISAMATH,BOY,562.114
1149,"Korea, Rep.",KOR,2012,32097.164,PISAMATH,GIRL,544.193
1150,"Korea, Rep.",KOR,2012,32097.164,PISAMATH,TOT,554.0
1151,"Korea, Rep.",KOR,2012,32097.164,PISAREAD,BOY,524.965
1152,"Korea, Rep.",KOR,2012,32097.164,PISAREAD,GIRL,548.207
1153,"Korea, Rep.",KOR,2012,32097.164,PISAREAD,TOT,536.0
1154,"Korea, Rep.",KOR,2012,32097.164,PISASCIENCE,BOY,539.408
1155,"Korea, Rep.",KOR,2012,32097.164,PISASCIENCE,GIRL,535.93
1156,"Korea, Rep.",KOR,2012,32097.164,PISASCIENCE,TOT,538.0
1157,Luxembourg,LUX,2012,91622.17742,PISAMATH,BOY,502.193
1158,Luxembourg,LUX,2012,91622.17742,PISAMATH,GIRL,477.117
1159,Luxembourg,LUX,2012,91622.17742,PISAMATH,TOT,490.0
1160,Luxembourg,LUX,2012,91622.17742,PISAREAD,BOY,473.046
1161,Luxembourg,LUX,2012,91622.17742,PISAREAD,GIRL,503.024
1162,Luxembourg,LUX,2012,91622.17742,PISAREAD,TOT,488.0
1163,Luxembourg,LUX,2012,91622.17742,PISASCIENCE,BOY,498.715
1164,Luxembourg,LUX,2012,91622.17742,PISASCIENCE,GIRL,483.484
1165,Luxembourg,LUX,2012,91622.17742,PISASCIENCE,TOT,491.0
1166,Latvia,LVA,2012,21291.1197,PISAMATH,TOT,491.0
1167,Latvia,LVA,2012,21291.1197,PISAREAD,TOT,489.0
1168,Latvia,LVA,2012,21291.1197,PISASCIENCE,TOT,502.0
1169,Mexico,MEX,2012,17162.92752,PISAMATH,BOY,420.411
1170,Mexico,MEX,2012,17162.92752,PISAMATH,GIRL,406.427
1171,Mexico,MEX,2012,17162.92752,PISAMATH,TOT,413.0
1172,Mexico,MEX,2012,17162.92752,PISAREAD,BOY,411.365
1173,Mexico,MEX,2012,17162.92752,PISAREAD,GIRL,435.272
1174,Mexico,MEX,2012,17162.92752,PISAREAD,TOT,424.0
1175,Mexico,MEX,2012,17162.92752,PISASCIENCE,BOY,418.128
1176,Mexico,MEX,2012,17162.92752,PISASCIENCE,GIRL,411.836
1177,Mexico,MEX,2012,17162.92752,PISASCIENCE,TOT,415.0
1178,Netherlands,NLD,2012,47272.10302,PISAMATH,BOY,527.967
1179,Netherlands,NLD,2012,47272.10302,PISAMATH,GIRL,517.738
1180,Netherlands,NLD,2012,47272.10302,PISAMATH,TOT,523.0
1181,Netherlands,NLD,2012,47272.10302,PISAREAD,BOY,498.317
1182,Netherlands,NLD,2012,47272.10302,PISAREAD,GIRL,524.761
1183,Netherlands,NLD,2012,47272.10302,PISAREAD,TOT,511.0
1184,Netherlands,NLD,2012,47272.10302,PISASCIENCE,BOY,523.622
1185,Netherlands,NLD,2012,47272.10302,PISASCIENCE,GIRL,520.415
1186,Netherlands,NLD,2012,47272.10302,PISASCIENCE,TOT,522.0
1187,Norway,NOR,2012,65354.77925,PISAMATH,BOY,490.399
1188,Norway,NOR,2012,65354.77925,PISAMATH,GIRL,488.293
1189,Norway,NOR,2012,65354.77925,PISAMATH,TOT,489.0
1190,Norway,NOR,2012,65354.77925,PISAREAD,BOY,481.284
1191,Norway,NOR,2012,65354.77925,PISAREAD,GIRL,527.771
1192,Norway,NOR,2012,65354.77925,PISAREAD,TOT,504.0
1193,Norway,NOR,2012,65354.77925,PISASCIENCE,BOY,492.792
1194,Norway,NOR,2012,65354.77925,PISASCIENCE,GIRL,496.346
1195,Norway,NOR,2012,65354.77925,PISASCIENCE,TOT,495.0
1196,New Zealand,NZL,2012,32986.18289,PISAMATH,BOY,507.112
1197,New Zealand,NZL,2012,32986.18289,PISAMATH,GIRL,492.057
1198,New Zealand,NZL,2012,32986.18289,PISAMATH,TOT,500.0
1199,New Zealand,NZL,2012,32986.18289,PISAREAD,BOY,495.365
1200,New Zealand,NZL,2012,32986.18289,PISAREAD,GIRL,529.765
1201,New Zealand,NZL,2012,32986.18289,PISAREAD,TOT,512.0
1202,New Zealand,NZL,2012,32986.18289,PISASCIENCE,BOY,517.875
1203,New Zealand,NZL,2012,32986.18289,PISASCIENCE,GIRL,513.297
1204,New Zealand,NZL,2012,32986.18289,PISASCIENCE,TOT,516.0
1205,Poland,POL,2012,23833.2097,PISAMATH,BOY,519.564
1206,Poland,POL,2012,23833.2097,PISAMATH,GIRL,515.533
1207,Poland,POL,2012,23833.2097,PISAMATH,TOT,518.0
1208,Poland,POL,2012,23833.2097,PISAREAD,BOY,496.706
1209,Poland,POL,2012,23833.2097,PISAREAD,GIRL,538.687
1210,Poland,POL,2012,23833.2097,PISAREAD,TOT,518.0
1211,Poland,POL,2012,23833.2097,PISASCIENCE,BOY,524.421
1212,Poland,POL,2012,23833.2097,PISASCIENCE,GIRL,527.149
1213,Poland,POL,2012,23833.2097,PISASCIENCE,TOT,526.0
1214,Portugal,PRT,2012,26438.0163,PISAMATH,BOY,492.703
1215,Portugal,PRT,2012,26438.0163,PISAMATH,GIRL,481.296
1216,Portugal,PRT,2012,26438.0163,PISAMATH,TOT,487.0
1217,Portugal,PRT,2012,26438.0163,PISAREAD,BOY,468.39
1218,Portugal,PRT,2012,26438.0163,PISAREAD,GIRL,507.562
1219,Portugal,PRT,2012,26438.0163,PISAREAD,TOT,488.0
1220,Portugal,PRT,2012,26438.0163,PISASCIENCE,BOY,488.346
1221,Portugal,PRT,2012,26438.0163,PISASCIENCE,GIRL,490.224
1222,Portugal,PRT,2012,26438.0163,PISASCIENCE,TOT,489.0
1223,Russian Federation,RUS,2012,25784.56716,PISAMATH,BOY,481.394
1224,Russian Federation,RUS,2012,25784.56716,PISAMATH,GIRL,482.944
1225,Russian Federation,RUS,2012,25784.56716,PISAMATH,TOT,482.0
1226,Russian Federation,RUS,2012,25784.56716,PISAREAD,BOY,455.147
1227,Russian Federation,RUS,2012,25784.56716,PISAREAD,GIRL,495.144
1228,Russian Federation,RUS,2012,25784.56716,PISAREAD,TOT,475.0
1229,Russian Federation,RUS,2012,25784.56716,PISASCIENCE,BOY,483.532
1230,Russian Federation,RUS,2012,25784.56716,PISASCIENCE,GIRL,489.058
1231,Russian Federation,RUS,2012,25784.56716,PISASCIENCE,TOT,487.0
1232,Slovak Republic,SVK,2012,26933.42222,PISAMATH,BOY,486.134
1233,Slovak Republic,SVK,2012,26933.42222,PISAMATH,GIRL,476.712
1234,Slovak Republic,SVK,2012,26933.42222,PISAMATH,TOT,482.0
1235,Slovak Republic,SVK,2012,26933.42222,PISAREAD,BOY,444.081
1236,Slovak Republic,SVK,2012,26933.42222,PISAREAD,GIRL,483.303
1237,Slovak Republic,SVK,2012,26933.42222,PISAREAD,TOT,463.0
1238,Slovak Republic,SVK,2012,26933.42222,PISASCIENCE,BOY,474.658
1239,Slovak Republic,SVK,2012,26933.42222,PISASCIENCE,GIRL,467.385
1240,Slovak Republic,SVK,2012,26933.42222,PISASCIENCE,TOT,471.0
1241,Slovenia,SVN,2012,29042.82027,PISAMATH,BOY,502.748
1242,Slovenia,SVN,2012,29042.82027,PISAMATH,GIRL,499.387
1243,Slovenia,SVN,2012,29042.82027,PISAMATH,TOT,501.0
1244,Slovenia,SVN,2012,29042.82027,PISAREAD,BOY,454.466
1245,Slovenia,SVN,2012,29042.82027,PISAREAD,GIRL,510.15
1246,Slovenia,SVN,2012,29042.82027,PISAREAD,TOT,481.0
1247,Slovenia,SVN,2012,29042.82027,PISASCIENCE,BOY,509.882
1248,Slovenia,SVN,2012,29042.82027,PISASCIENCE,GIRL,518.717
1249,Slovenia,SVN,2012,29042.82027,PISASCIENCE,TOT,514.0
1250,Sweden,SWE,2012,45304.41571,PISAMATH,BOY,476.916
1251,Sweden,SWE,2012,45304.41571,PISAMATH,GIRL,479.629
1252,Sweden,SWE,2012,45304.41571,PISAMATH,TOT,478.0
1253,Sweden,SWE,2012,45304.41571,PISAREAD,BOY,457.991
1254,Sweden,SWE,2012,45304.41571,PISAREAD,GIRL,509.135
1255,Sweden,SWE,2012,45304.41571,PISAREAD,TOT,483.0
1256,Sweden,SWE,2012,45304.41571,PISASCIENCE,BOY,481.151
1257,Sweden,SWE,2012,45304.41571,PISASCIENCE,GIRL,488.513
1258,Sweden,SWE,2012,45304.41571,PISASCIENCE,TOT,485.0
1259,Turkey,TUR,2012,20616.86987,PISAMATH,BOY,451.934
1260,Turkey,TUR,2012,20616.86987,PISAMATH,GIRL,443.948
1261,Turkey,TUR,2012,20616.86987,PISAMATH,TOT,448.0
1262,Turkey,TUR,2012,20616.86987,PISAREAD,BOY,452.843
1263,Turkey,TUR,2012,20616.86987,PISAREAD,GIRL,498.64
1264,Turkey,TUR,2012,20616.86987,PISAREAD,TOT,475.0
1265,Turkey,TUR,2012,20616.86987,PISASCIENCE,BOY,458.316
1266,Turkey,TUR,2012,20616.86987,PISASCIENCE,GIRL,468.622
1267,Turkey,TUR,2012,20616.86987,PISASCIENCE,TOT,463.0
1268,United States,USA,2012,51603.49726,PISAMATH,BOY,483.647
1269,United States,USA,2012,51603.49726,PISAMATH,GIRL,478.995
1270,United States,USA,2012,51603.49726,PISAMATH,TOT,481.0
1271,United States,USA,2012,51603.49726,PISAREAD,BOY,482.498
1272,United States,USA,2012,51603.49726,PISAREAD,GIRL,513.269
1273,United States,USA,2012,51603.49726,PISAREAD,TOT,498.0
1274,United States,USA,2012,51603.49726,PISASCIENCE,BOY,496.529
1275,United States,USA,2012,51603.49726,PISASCIENCE,GIRL,498.325
1276,United States,USA,2012,51603.49726,PISASCIENCE,TOT,497.0
1277,Australia,AUS,2015,46276.15069,PISAMATH,BOY,497.0
1278,Australia,AUS,2015,46276.15069,PISAMATH,GIRL,491.0
1279,Australia,AUS,2015,46276.15069,PISAMATH,TOT,494.0
1280,Australia,AUS,2015,46276.15069,PISAREAD,BOY,487.0
1281,Australia,AUS,2015,46276.15069,PISAREAD,GIRL,519.0
1282,Australia,AUS,2015,46276.15069,PISAREAD,TOT,503.0
1283,Australia,AUS,2015,46276.15069,PISASCIENCE,BOY,511.0
1284,Australia,AUS,2015,46276.15069,PISASCIENCE,GIRL,509.0
1285,Australia,AUS,2015,46276.15069,PISASCIENCE,TOT,510.0
1286,Austria,AUT,2015,49879.26647,PISAMATH,BOY,510.0
1287,Austria,AUT,2015,49879.26647,PISAMATH,GIRL,483.0
1288,Austria,AUT,2015,49879.26647,PISAMATH,TOT,497.0
1289,Austria,AUT,2015,49879.26647,PISAREAD,BOY,475.0
1290,Austria,AUT,2015,49879.26647,PISAREAD,GIRL,495.0
1291,Austria,AUT,2015,49879.26647,PISAREAD,TOT,485.0
1292,Austria,AUT,2015,49879.26647,PISASCIENCE,BOY,504.0
1293,Austria,AUT,2015,49879.26647,PISASCIENCE,GIRL,486.0
1294,Austria,AUT,2015,49879.26647,PISASCIENCE,TOT,495.0
1295,Belgium,BEL,2015,46213.26653,PISAMATH,BOY,514.0
1296,Belgium,BEL,2015,46213.26653,PISAMATH,GIRL,500.0
1297,Belgium,BEL,2015,46213.26653,PISAMATH,TOT,507.0
1298,Belgium,BEL,2015,46213.26653,PISAREAD,BOY,491.0
1299,Belgium,BEL,2015,46213.26653,PISAREAD,GIRL,507.0
1300,Belgium,BEL,2015,46213.26653,PISAREAD,TOT,499.0
1301,Belgium,BEL,2015,46213.26653,PISASCIENCE,BOY,508.0
1302,Belgium,BEL,2015,46213.26653,PISASCIENCE,GIRL,496.0
1303,Belgium,BEL,2015,46213.26653,PISASCIENCE,TOT,502.0
1304,Brazil,BRA,2015,15813.85544,PISAMATH,BOY,385.0
1305,Brazil,BRA,2015,15813.85544,PISAMATH,GIRL,370.0
1306,Brazil,BRA,2015,15813.85544,PISAMATH,TOT,377.0
1307,Brazil,BRA,2015,15813.85544,PISAREAD,BOY,395.0
1308,Brazil,BRA,2015,15813.85544,PISAREAD,GIRL,419.0
1309,Brazil,BRA,2015,15813.85544,PISAREAD,TOT,407.0
1310,Brazil,BRA,2015,15813.85544,PISASCIENCE,BOY,403.0
1311,Brazil,BRA,2015,15813.85544,PISASCIENCE,GIRL,399.0
1312,Brazil,BRA,2015,15813.85544,PISASCIENCE,TOT,401.0
1313,Canada,CAN,2015,44567.86635,PISAMATH,BOY,520.0
1314,Canada,CAN,2015,44567.86635,PISAMATH,GIRL,511.0
1315,Canada,CAN,2015,44567.86635,PISAMATH,TOT,516.0
1316,Canada,CAN,2015,44567.86635,PISAREAD,BOY,514.0
1317,Canada,CAN,2015,44567.86635,PISAREAD,GIRL,540.0
1318,Canada,CAN,2015,44567.86635,PISAREAD,TOT,527.0
1319,Canada,CAN,2015,44567.86635,PISASCIENCE,BOY,528.0
1320,Canada,CAN,2015,44567.86635,PISASCIENCE,GIRL,527.0
1321,Canada,CAN,2015,44567.86635,PISASCIENCE,TOT,528.0
1322,Switzerland,CHE,2015,63938.98939,PISAMATH,BOY,527.0
1323,Switzerland,CHE,2015,63938.98939,PISAMATH,GIRL,515.0
1324,Switzerland,CHE,2015,63938.98939,PISAMATH,TOT,521.0
1325,Switzerland,CHE,2015,63938.98939,PISAREAD,BOY,480.0
1326,Switzerland,CHE,2015,63938.98939,PISAREAD,GIRL,505.0
1327,Switzerland,CHE,2015,63938.98939,PISAREAD,TOT,492.0
1328,Switzerland,CHE,2015,63938.98939,PISASCIENCE,BOY,508.0
1329,Switzerland,CHE,2015,63938.98939,PISASCIENCE,GIRL,502.0
1330,Switzerland,CHE,2015,63938.98939,PISASCIENCE,TOT,506.0
1331,Chile,CHL,2015,22688.01003,PISAMATH,BOY,432.0
1332,Chile,CHL,2015,22688.01003,PISAMATH,GIRL,413.0
1333,Chile,CHL,2015,22688.01003,PISAMATH,TOT,423.0
1334,Chile,CHL,2015,22688.01003,PISAREAD,BOY,453.0
1335,Chile,CHL,2015,22688.01003,PISAREAD,GIRL,465.0
1336,Chile,CHL,2015,22688.01003,PISAREAD,TOT,459.0
1337,Chile,CHL,2015,22688.01003,PISASCIENCE,BOY,454.0
1338,Chile,CHL,2015,22688.01003,PISASCIENCE,GIRL,440.0
1339,Chile,CHL,2015,22688.01003,PISASCIENCE,TOT,447.0
1340,Colombia,COL,2015,14006.15358,PISAMATH,TOT,390.0
1341,Colombia,COL,2015,14006.15358,PISAMATH,BOY,395.0
1342,Colombia,COL,2015,14006.15358,PISAMATH,GIRL,384.0
1343,Colombia,COL,2015,14006.15358,PISAREAD,TOT,425.0
1344,Colombia,COL,2015,14006.15358,PISAREAD,BOY,417.0
1345,Colombia,COL,2015,14006.15358,PISAREAD,GIRL,432.0
1346,Colombia,COL,2015,14006.15358,PISASCIENCE,TOT,416.0
1347,Colombia,COL,2015,14006.15358,PISASCIENCE,BOY,421.0
1348,Colombia,COL,2015,14006.15358,PISASCIENCE,GIRL,411.0
1349,Czech Republic,CZE,2015,33691.42424,PISAMATH,BOY,496.0
1350,Czech Republic,CZE,2015,33691.42424,PISAMATH,GIRL,489.0
1351,Czech Republic,CZE,2015,33691.42424,PISAMATH,TOT,492.0
1352,Czech Republic,CZE,2015,33691.42424,PISAREAD,BOY,475.0
1353,Czech Republic,CZE,2015,33691.42424,PISAREAD,GIRL,501.0
1354,Czech Republic,CZE,2015,33691.42424,PISAREAD,TOT,487.0
1355,Czech Republic,CZE,2015,33691.42424,PISASCIENCE,BOY,497.0
1356,Czech Republic,CZE,2015,33691.42424,PISASCIENCE,GIRL,488.0
1357,Czech Republic,CZE,2015,33691.42424,PISASCIENCE,TOT,493.0
1358,Germany,DEU,2015,47683.7886,PISAMATH,BOY,514.0
1359,Germany,DEU,2015,47683.7886,PISAMATH,GIRL,498.0
1360,Germany,DEU,2015,47683.7886,PISAMATH,TOT,506.0
1361,Germany,DEU,2015,47683.7886,PISAREAD,BOY,499.0
1362,Germany,DEU,2015,47683.7886,PISAREAD,GIRL,520.0
1363,Germany,DEU,2015,47683.7886,PISAREAD,TOT,509.0
1364,Germany,DEU,2015,47683.7886,PISASCIENCE,BOY,514.0
1365,Germany,DEU,2015,47683.7886,PISASCIENCE,GIRL,504.0
1366,Germany,DEU,2015,47683.7886,PISASCIENCE,TOT,509.0
1367,Denmark,DNK,2015,49058.50107,PISAMATH,BOY,516.0
1368,Denmark,DNK,2015,49058.50107,PISAMATH,GIRL,506.0
1369,Denmark,DNK,2015,49058.50107,PISAMATH,TOT,511.0
1370,Denmark,DNK,2015,49058.50107,PISAREAD,BOY,489.0
1371,Denmark,DNK,2015,49058.50107,PISAREAD,GIRL,511.0
1372,Denmark,DNK,2015,49058.50107,PISAREAD,TOT,500.0
1373,Denmark,DNK,2015,49058.50107,PISASCIENCE,BOY,505.0
1374,Denmark,DNK,2015,49058.50107,PISASCIENCE,GIRL,499.0
1375,Denmark,DNK,2015,49058.50107,PISASCIENCE,TOT,502.0
1376,Spain,ESP,2015,34912.47613,PISAMATH,BOY,494.0
1377,Spain,ESP,2015,34912.47613,PISAMATH,GIRL,478.0
1378,Spain,ESP,2015,34912.47613,PISAMATH,TOT,486.0
1379,Spain,ESP,2015,34912.47613,PISAREAD,BOY,485.0
1380,Spain,ESP,2015,34912.47613,PISAREAD,GIRL,506.0
1381,Spain,ESP,2015,34912.47613,PISAREAD,TOT,496.0
1382,Spain,ESP,2015,34912.47613,PISASCIENCE,BOY,496.0
1383,Spain,ESP,2015,34912.47613,PISASCIENCE,GIRL,489.0
1384,Spain,ESP,2015,34912.47613,PISASCIENCE,TOT,493.0
1385,Estonia,EST,2015,29397.12984,PISAMATH,BOY,522.0
1386,Estonia,EST,2015,29397.12984,PISAMATH,GIRL,517.0
1387,Estonia,EST,2015,29397.12984,PISAMATH,TOT,520.0
1388,Estonia,EST,2015,29397.12984,PISAREAD,BOY,505.0
1389,Estonia,EST,2015,29397.12984,PISAREAD,GIRL,533.0
1390,Estonia,EST,2015,29397.12984,PISAREAD,TOT,519.0
1391,Estonia,EST,2015,29397.12984,PISASCIENCE,BOY,536.0
1392,Estonia,EST,2015,29397.12984,PISASCIENCE,GIRL,533.0
1393,Estonia,EST,2015,29397.12984,PISASCIENCE,TOT,534.0
1394,Finland,FIN,2015,42535.47517,PISAMATH,BOY,507.0
1395,Finland,FIN,2015,42535.47517,PISAMATH,GIRL,515.0
1396,Finland,FIN,2015,42535.47517,PISAMATH,TOT,511.0
1397,Finland,FIN,2015,42535.47517,PISAREAD,BOY,504.0
1398,Finland,FIN,2015,42535.47517,PISAREAD,GIRL,551.0
1399,Finland,FIN,2015,42535.47517,PISAREAD,TOT,526.0
1400,Finland,FIN,2015,42535.47517,PISASCIENCE,BOY,521.0
1401,Finland,FIN,2015,42535.47517,PISASCIENCE,GIRL,541.0
1402,Finland,FIN,2015,42535.47517,PISASCIENCE,TOT,531.0
1403,France,FRA,2015,40833.24207,PISAMATH,BOY,496.0
1404,France,FRA,2015,40833.24207,PISAMATH,GIRL,490.0
1405,France,FRA,2015,40833.24207,PISAMATH,TOT,493.0
1406,France,FRA,2015,40833.24207,PISAREAD,BOY,485.0
1407,France,FRA,2015,40833.24207,PISAREAD,GIRL,514.0
1408,France,FRA,2015,40833.24207,PISAREAD,TOT,499.0
1409,France,FRA,2015,40833.24207,PISASCIENCE,BOY,496.0
1410,France,FRA,2015,40833.24207,PISASCIENCE,GIRL,494.0
1411,France,FRA,2015,40833.24207,PISASCIENCE,TOT,495.0
1412,United Kingdom,GBR,2015,42509.88817,PISAMATH,BOY,498.0
1413,United Kingdom,GBR,2015,42509.88817,PISAMATH,GIRL,487.0
1414,United Kingdom,GBR,2015,42509.88817,PISAMATH,TOT,492.0
1415,United Kingdom,GBR,2015,42509.88817,PISAREAD,BOY,487.0
1416,United Kingdom,GBR,2015,42509.88817,PISAREAD,GIRL,509.0
1417,United Kingdom,GBR,2015,42509.88817,PISAREAD,TOT,498.0
1418,United Kingdom,GBR,2015,42509.88817,PISASCIENCE,BOY,510.0
1419,United Kingdom,GBR,2015,42509.88817,PISASCIENCE,GIRL,509.0
1420,United Kingdom,GBR,2015,42509.88817,PISASCIENCE,TOT,509.0
1421,Greece,GRC,2015,26902.52532,PISAMATH,BOY,454.0
1422,Greece,GRC,2015,26902.52532,PISAMATH,GIRL,454.0
1423,Greece,GRC,2015,26902.52532,PISAMATH,TOT,454.0
1424,Greece,GRC,2015,26902.52532,PISAREAD,BOY,449.0
1425,Greece,GRC,2015,26902.52532,PISAREAD,GIRL,486.0
1426,Greece,GRC,2015,26902.52532,PISAREAD,TOT,467.0
1427,Greece,GRC,2015,26902.52532,PISASCIENCE,BOY,451.0
1428,Greece,GRC,2015,26902.52532,PISASCIENCE,GIRL,459.0
1429,Greece,GRC,2015,26902.52532,PISASCIENCE,TOT,455.0
1430,"Hong Kong SAR, China",HKG,2015,57235.19123,PISAMATH,TOT,548.0
1431,"Hong Kong SAR, China",HKG,2015,57235.19123,PISAMATH,BOY,549.0
1432,"Hong Kong SAR, China",HKG,2015,57235.19123,PISAMATH,GIRL,547.0
1433,"Hong Kong SAR, China",HKG,2015,57235.19123,PISAREAD,TOT,527.0
1434,"Hong Kong SAR, China",HKG,2015,57235.19123,PISAREAD,BOY,513.0
1435,"Hong Kong SAR, China",HKG,2015,57235.19123,PISAREAD,GIRL,541.0
1436,"Hong Kong SAR, China",HKG,2015,57235.19123,PISASCIENCE,TOT,523.0
1437,"Hong Kong SAR, China",HKG,2015,57235.19123,PISASCIENCE,BOY,523.0
1438,"Hong Kong SAR, China",HKG,2015,57235.19123,PISASCIENCE,GIRL,524.0
1439,Hungary,HUN,2015,26668.04088,PISAMATH,BOY,481.0
1440,Hungary,HUN,2015,26668.04088,PISAMATH,GIRL,473.0
1441,Hungary,HUN,2015,26668.04088,PISAMATH,TOT,477.0
1442,Hungary,HUN,2015,26668.04088,PISAREAD,BOY,457.0
1443,Hungary,HUN,2015,26668.04088,PISAREAD,GIRL,482.0
1444,Hungary,HUN,2015,26668.04088,PISAREAD,TOT,470.0
1445,Hungary,HUN,2015,26668.04088,PISASCIENCE,BOY,478.0
1446,Hungary,HUN,2015,26668.04088,PISASCIENCE,GIRL,475.0
1447,Hungary,HUN,2015,26668.04088,PISASCIENCE,TOT,477.0
1448,Indonesia,IDN,2015,11063.06221,PISAMATH,BOY,385.0
1449,Indonesia,IDN,2015,11063.06221,PISAMATH,GIRL,387.0
1450,Indonesia,IDN,2015,11063.06221,PISAMATH,TOT,386.0
1451,Indonesia,IDN,2015,11063.06221,PISAREAD,BOY,386.0
1452,Indonesia,IDN,2015,11063.06221,PISAREAD,GIRL,409.0
1453,Indonesia,IDN,2015,11063.06221,PISAREAD,TOT,397.0
1454,Indonesia,IDN,2015,11063.06221,PISASCIENCE,BOY,401.0
1455,Indonesia,IDN,2015,11063.06221,PISASCIENCE,GIRL,405.0
1456,Indonesia,IDN,2015,11063.06221,PISASCIENCE,TOT,403.0
1457,Ireland,IRL,2015,69056.04604,PISAMATH,BOY,512.0
1458,Ireland,IRL,2015,69056.04604,PISAMATH,GIRL,495.0
1459,Ireland,IRL,2015,69056.04604,PISAMATH,TOT,504.0
1460,Ireland,IRL,2015,69056.04604,PISAREAD,BOY,515.0
1461,Ireland,IRL,2015,69056.04604,PISAREAD,GIRL,527.0
1462,Ireland,IRL,2015,69056.04604,PISAREAD,TOT,521.0
1463,Ireland,IRL,2015,69056.04604,PISASCIENCE,BOY,508.0
1464,Ireland,IRL,2015,69056.04604,PISASCIENCE,GIRL,497.0
1465,Ireland,IRL,2015,69056.04604,PISASCIENCE,TOT,503.0
1466,Iceland,ISL,2015,48728.09936,PISAMATH,BOY,487.0
1467,Iceland,ISL,2015,48728.09936,PISAMATH,GIRL,489.0
1468,Iceland,ISL,2015,48728.09936,PISAMATH,TOT,488.0
1469,Iceland,ISL,2015,48728.09936,PISAREAD,BOY,460.0
1470,Iceland,ISL,2015,48728.09936,PISAREAD,GIRL,502.0
1471,Iceland,ISL,2015,48728.09936,PISAREAD,TOT,482.0
1472,Iceland,ISL,2015,48728.09936,PISASCIENCE,BOY,472.0
1473,Iceland,ISL,2015,48728.09936,PISASCIENCE,GIRL,475.0
1474,Iceland,ISL,2015,48728.09936,PISASCIENCE,TOT,473.0
1475,Israel,ISR,2015,35436.81087,PISAMATH,BOY,474.0
1476,Israel,ISR,2015,35436.81087,PISAMATH,GIRL,466.0
1477,Israel,ISR,2015,35436.81087,PISAMATH,TOT,470.0
1478,Israel,ISR,2015,35436.81087,PISAREAD,BOY,467.0
1479,Israel,ISR,2015,35436.81087,PISAREAD,GIRL,490.0
1480,Israel,ISR,2015,35436.81087,PISAREAD,TOT,479.0
1481,Israel,ISR,2015,35436.81087,PISASCIENCE,BOY,469.0
1482,Israel,ISR,2015,35436.81087,PISASCIENCE,GIRL,464.0
1483,Israel,ISR,2015,35436.81087,PISASCIENCE,TOT,467.0
1484,Italy,ITA,2015,36909.32837,PISAMATH,BOY,500.0
1485,Italy,ITA,2015,36909.32837,PISAMATH,GIRL,480.0
1486,Italy,ITA,2015,36909.32837,PISAMATH,TOT,490.0
1487,Italy,ITA,2015,36909.32837,PISAREAD,BOY,477.0
1488,Italy,ITA,2015,36909.32837,PISAREAD,GIRL,493.0
1489,Italy,ITA,2015,36909.32837,PISAREAD,TOT,485.0
1490,Italy,ITA,2015,36909.32837,PISASCIENCE,BOY,489.0
1491,Italy,ITA,2015,36909.32837,PISASCIENCE,GIRL,472.0
1492,Italy,ITA,2015,36909.32837,PISASCIENCE,TOT,481.0
1493,Japan,JPN,2015,40396.24321,PISAMATH,BOY,539.0
1494,Japan,JPN,2015,40396.24321,PISAMATH,GIRL,525.0
1495,Japan,JPN,2015,40396.24321,PISAMATH,TOT,532.0
1496,Japan,JPN,2015,40396.24321,PISAREAD,BOY,509.0
1497,Japan,JPN,2015,40396.24321,PISAREAD,GIRL,523.0
1498,Japan,JPN,2015,40396.24321,PISAREAD,TOT,516.0
1499,Japan,JPN,2015,40396.24321,PISASCIENCE,BOY,545.0
1500,Japan,JPN,2015,40396.24321,PISASCIENCE,GIRL,532.0
1501,Japan,JPN,2015,40396.24321,PISASCIENCE,TOT,538.0
1502,"Korea, Rep.",KOR,2015,35760.73444,PISAMATH,BOY,521.0
1503,"Korea, Rep.",KOR,2015,35760.73444,PISAMATH,GIRL,528.0
1504,"Korea, Rep.",KOR,2015,35760.73444,PISAMATH,TOT,524.0
1505,"Korea, Rep.",KOR,2015,35760.73444,PISAREAD,BOY,498.0
1506,"Korea, Rep.",KOR,2015,35760.73444,PISAREAD,GIRL,539.0
1507,"Korea, Rep.",KOR,2015,35760.73444,PISAREAD,TOT,517.0
1508,"Korea, Rep.",KOR,2015,35760.73444,PISASCIENCE,BOY,511.0
1509,"Korea, Rep.",KOR,2015,35760.73444,PISASCIENCE,GIRL,521.0
1510,"Korea, Rep.",KOR,2015,35760.73444,PISASCIENCE,TOT,516.0
1511,Luxembourg,LUX,2015,103750.7751,PISAMATH,BOY,491.0
1512,Luxembourg,LUX,2015,103750.7751,PISAMATH,GIRL,480.0
1513,Luxembourg,LUX,2015,103750.7751,PISAMATH,TOT,486.0
1514,Luxembourg,LUX,2015,103750.7751,PISAREAD,BOY,471.0
1515,Luxembourg,LUX,2015,103750.7751,PISAREAD,GIRL,492.0
1516,Luxembourg,LUX,2015,103750.7751,PISAREAD,TOT,481.0
1517,Luxembourg,LUX,2015,103750.7751,PISASCIENCE,BOY,487.0
1518,Luxembourg,LUX,2015,103750.7751,PISASCIENCE,GIRL,479.0
1519,Luxembourg,LUX,2015,103750.7751,PISASCIENCE,TOT,483.0
1520,Latvia,LVA,2015,24830.93429,PISAMATH,BOY,481.0
1521,Latvia,LVA,2015,24830.93429,PISAMATH,GIRL,483.0
1522,Latvia,LVA,2015,24830.93429,PISAMATH,TOT,482.0
1523,Latvia,LVA,2015,24830.93429,PISAREAD,BOY,467.0
1524,Latvia,LVA,2015,24830.93429,PISAREAD,GIRL,509.0
1525,Latvia,LVA,2015,24830.93429,PISAREAD,TOT,488.0
1526,Latvia,LVA,2015,24830.93429,PISASCIENCE,BOY,485.0
1527,Latvia,LVA,2015,24830.93429,PISASCIENCE,GIRL,496.0
1528,Latvia,LVA,2015,24830.93429,PISASCIENCE,TOT,490.0
1529,"Macao SAR, China",MAC,2015,107069.5956,PISAMATH,TOT,544.0
1530,"Macao SAR, China",MAC,2015,107069.5956,PISAMATH,BOY,540.0
1531,"Macao SAR, China",MAC,2015,107069.5956,PISAMATH,GIRL,548.0
1532,"Macao SAR, China",MAC,2015,107069.5956,PISAREAD,TOT,509.0
1533,"Macao SAR, China",MAC,2015,107069.5956,PISAREAD,BOY,493.0
1534,"Macao SAR, China",MAC,2015,107069.5956,PISAREAD,GIRL,525.0
1535,"Macao SAR, China",MAC,2015,107069.5956,PISASCIENCE,TOT,529.0
1536,"Macao SAR, China",MAC,2015,107069.5956,PISASCIENCE,BOY,525.0
1537,"Macao SAR, China",MAC,2015,107069.5956,PISASCIENCE,GIRL,532.0
1538,Mexico,MEX,2015,18284.88284,PISAMATH,BOY,412.0
1539,Mexico,MEX,2015,18284.88284,PISAMATH,GIRL,404.0
1540,Mexico,MEX,2015,18284.88284,PISAMATH,TOT,408.0
1541,Mexico,MEX,2015,18284.88284,PISAREAD,BOY,416.0
1542,Mexico,MEX,2015,18284.88284,PISAREAD,GIRL,431.0
1543,Mexico,MEX,2015,18284.88284,PISAREAD,TOT,423.0
1544,Mexico,MEX,2015,18284.88284,PISASCIENCE,BOY,420.0
1545,Mexico,MEX,2015,18284.88284,PISASCIENCE,GIRL,412.0
1546,Mexico,MEX,2015,18284.88284,PISASCIENCE,TOT,416.0
1547,Netherlands,NLD,2015,50302.06775,PISAMATH,BOY,513.0
1548,Netherlands,NLD,2015,50302.06775,PISAMATH,GIRL,511.0
1549,Netherlands,NLD,2015,50302.06775,PISAMATH,TOT,512.0
1550,Netherlands,NLD,2015,50302.06775,PISAREAD,BOY,491.0
1551,Netherlands,NLD,2015,50302.06775,PISAREAD,GIRL,515.0
1552,Netherlands,NLD,2015,50302.06775,PISAREAD,TOT,503.0
1553,Netherlands,NLD,2015,50302.06775,PISASCIENCE,BOY,511.0
1554,Netherlands,NLD,2015,50302.06775,PISASCIENCE,GIRL,507.0
1555,Netherlands,NLD,2015,50302.06775,PISASCIENCE,TOT,509.0
1556,Norway,NOR,2015,60385.11676,PISAMATH,BOY,501.0
1557,Norway,NOR,2015,60385.11676,PISAMATH,GIRL,503.0
1558,Norway,NOR,2015,60385.11676,PISAMATH,TOT,502.0
1559,Norway,NOR,2015,60385.11676,PISAREAD,BOY,494.0
1560,Norway,NOR,2015,60385.11676,PISAREAD,GIRL,533.0
1561,Norway,NOR,2015,60385.11676,PISAREAD,TOT,513.0
1562,Norway,NOR,2015,60385.11676,PISASCIENCE,BOY,500.0
1563,Norway,NOR,2015,60385.11676,PISASCIENCE,GIRL,497.0
1564,Norway,NOR,2015,60385.11676,PISASCIENCE,TOT,498.0
1565,New Zealand,NZL,2015,37475.17836,PISAMATH,BOY,499.0
1566,New Zealand,NZL,2015,37475.17836,PISAMATH,GIRL,491.0
1567,New Zealand,NZL,2015,37475.17836,PISAMATH,TOT,495.0
1568,New Zealand,NZL,2015,37475.17836,PISAREAD,BOY,493.0
1569,New Zealand,NZL,2015,37475.17836,PISAREAD,GIRL,526.0
1570,New Zealand,NZL,2015,37475.17836,PISAREAD,TOT,509.0
1571,New Zealand,NZL,2015,37475.17836,PISASCIENCE,BOY,516.0
1572,New Zealand,NZL,2015,37475.17836,PISASCIENCE,GIRL,511.0
1573,New Zealand,NZL,2015,37475.17836,PISASCIENCE,TOT,513.0
1574,Peru,PER,2015,12944.82234,PISAMATH,TOT,387.0
1575,Peru,PER,2015,12944.82234,PISAMATH,BOY,391.0
1576,Peru,PER,2015,12944.82234,PISAMATH,GIRL,382.0
1577,Peru,PER,2015,12944.82234,PISAREAD,TOT,398.0
1578,Peru,PER,2015,12944.82234,PISAREAD,BOY,394.0
1579,Peru,PER,2015,12944.82234,PISAREAD,GIRL,401.0
1580,Peru,PER,2015,12944.82234,PISASCIENCE,TOT,397.0
1581,Peru,PER,2015,12944.82234,PISASCIENCE,BOY,402.0
1582,Peru,PER,2015,12944.82234,PISASCIENCE,GIRL,392.0
1583,Poland,POL,2015,26856.03522,PISAMATH,BOY,510.0
1584,Poland,POL,2015,26856.03522,PISAMATH,GIRL,499.0
1585,Poland,POL,2015,26856.03522,PISAMATH,TOT,504.0
1586,Poland,POL,2015,26856.03522,PISAREAD,BOY,491.0
1587,Poland,POL,2015,26856.03522,PISAREAD,GIRL,521.0
1588,Poland,POL,2015,26856.03522,PISAREAD,TOT,506.0
1589,Poland,POL,2015,26856.03522,PISASCIENCE,BOY,504.0
1590,Poland,POL,2015,26856.03522,PISASCIENCE,GIRL,498.0
1591,Poland,POL,2015,26856.03522,PISASCIENCE,TOT,501.0
1592,Portugal,PRT,2015,29668.8592,PISAMATH,BOY,497.0
1593,Portugal,PRT,2015,29668.8592,PISAMATH,GIRL,487.0
1594,Portugal,PRT,2015,29668.8592,PISAMATH,TOT,492.0
1595,Portugal,PRT,2015,29668.8592,PISAREAD,BOY,490.0
1596,Portugal,PRT,2015,29668.8592,PISAREAD,GIRL,507.0
1597,Portugal,PRT,2015,29668.8592,PISAREAD,TOT,498.0
1598,Portugal,PRT,2015,29668.8592,PISASCIENCE,BOY,506.0
1599,Portugal,PRT,2015,29668.8592,PISASCIENCE,GIRL,496.0
1600,Portugal,PRT,2015,29668.8592,PISASCIENCE,TOT,501.0
1601,Russian Federation,RUS,2015,24061.09937,PISAMATH,BOY,497.0
1602,Russian Federation,RUS,2015,24061.09937,PISAMATH,GIRL,491.0
1603,Russian Federation,RUS,2015,24061.09937,PISAMATH,TOT,494.0
1604,Russian Federation,RUS,2015,24061.09937,PISAREAD,BOY,481.0
1605,Russian Federation,RUS,2015,24061.09937,PISAREAD,GIRL,507.0
1606,Russian Federation,RUS,2015,24061.09937,PISAREAD,TOT,495.0
1607,Russian Federation,RUS,2015,24061.09937,PISASCIENCE,BOY,489.0
1608,Russian Federation,RUS,2015,24061.09937,PISASCIENCE,GIRL,485.0
1609,Singapore,SGP,2015,89007.4608,PISAMATH,BOY,564.0
1610,Singapore,SGP,2015,89007.4608,PISAMATH,GIRL,564.0
1611,Singapore,SGP,2015,89007.4608,PISAMATH,TOT,564.0
1612,Singapore,SGP,2015,89007.4608,PISAREAD,BOY,525.0
1613,Singapore,SGP,2015,89007.4608,PISAREAD,GIRL,546.0
1614,Singapore,SGP,2015,89007.4608,PISAREAD,TOT,535.0
1615,Singapore,SGP,2015,89007.4608,PISASCIENCE,BOY,559.0
1616,Singapore,SGP,2015,89007.4608,PISASCIENCE,GIRL,552.0
1617,Singapore,SGP,2015,89007.4608,PISASCIENCE,TOT,556.0
1618,Slovak Republic,SVK,2015,29924.12155,PISAMATH,BOY,478.0
1619,Slovak Republic,SVK,2015,29924.12155,PISAMATH,GIRL,472.0
1620,Slovak Republic,SVK,2015,29924.12155,PISAMATH,TOT,475.0
1621,Slovak Republic,SVK,2015,29924.12155,PISAREAD,BOY,435.0
1622,Slovak Republic,SVK,2015,29924.12155,PISAREAD,GIRL,471.0
1623,Slovak Republic,SVK,2015,29924.12155,PISAREAD,TOT,453.0
1624,Slovak Republic,SVK,2015,29924.12155,PISASCIENCE,BOY,460.0
1625,Slovak Republic,SVK,2015,29924.12155,PISASCIENCE,GIRL,461.0
1626,Slovak Republic,SVK,2015,29924.12155,PISASCIENCE,TOT,461.0
1627,Slovenia,SVN,2015,31636.75003,PISAMATH,BOY,512.0
1628,Slovenia,SVN,2015,31636.75003,PISAMATH,GIRL,508.0
1629,Slovenia,SVN,2015,31636.75003,PISAMATH,TOT,510.0
1630,Slovenia,SVN,2015,31636.75003,PISAREAD,BOY,484.0
1631,Slovenia,SVN,2015,31636.75003,PISAREAD,GIRL,528.0
1632,Slovenia,SVN,2015,31636.75003,PISAREAD,TOT,505.0
1633,Slovenia,SVN,2015,31636.75003,PISASCIENCE,BOY,510.0
1634,Slovenia,SVN,2015,31636.75003,PISASCIENCE,GIRL,516.0
1635,Slovenia,SVN,2015,31636.75003,PISASCIENCE,TOT,513.0
1636,Sweden,SWE,2015,48975.00451,PISAMATH,BOY,493.0
1637,Sweden,SWE,2015,48975.00451,PISAMATH,GIRL,495.0
1638,Sweden,SWE,2015,48975.00451,PISAMATH,TOT,494.0
1639,Sweden,SWE,2015,48975.00451,PISAREAD,BOY,481.0
1640,Sweden,SWE,2015,48975.00451,PISAREAD,GIRL,520.0
1641,Sweden,SWE,2015,48975.00451,PISAREAD,TOT,500.0
1642,Sweden,SWE,2015,48975.00451,PISASCIENCE,BOY,491.0
1643,Sweden,SWE,2015,48975.00451,PISASCIENCE,GIRL,496.0
1644,Sweden,SWE,2015,48975.00451,PISASCIENCE,TOT,493.0
1645,Turkey,TUR,2015,25625.57463,PISAMATH,BOY,423.0
1646,Turkey,TUR,2015,25625.57463,PISAMATH,GIRL,418.0
1647,Turkey,TUR,2015,25625.57463,PISAMATH,TOT,420.0
1648,Turkey,TUR,2015,25625.57463,PISAREAD,BOY,414.0
1649,Turkey,TUR,2015,25625.57463,PISAREAD,GIRL,442.0
1650,Turkey,TUR,2015,25625.57463,PISAREAD,TOT,428.0
1651,Turkey,TUR,2015,25625.57463,PISASCIENCE,BOY,422.0
1652,Turkey,TUR,2015,25625.57463,PISASCIENCE,GIRL,429.0
1653,Turkey,TUR,2015,25625.57463,PISASCIENCE,TOT,425.0
1654,United States,USA,2015,56803.47243,PISAMATH,BOY,474.0
1655,United States,USA,2015,56803.47243,PISAMATH,GIRL,465.0
1656,United States,USA,2015,56803.47243,PISAMATH,TOT,470.0
1657,United States,USA,2015,56803.47243,PISAREAD,BOY,487.0
1658,United States,USA,2015,56803.47243,PISAREAD,GIRL,507.0
1659,United States,USA,2015,56803.47243,PISAREAD,TOT,497.0
1660,United States,USA,2015,56803.47243,PISASCIENCE,BOY,500.0
1661,United States,USA,2015,56803.47243,PISASCIENCE,GIRL,493.0
1662,United States,USA,2015,56803.47243,PISASCIENCE,TOT,496.0
1663,Australia,AUS,2018,51663.36509,PISAMATH,BOY,494.0
1664,Australia,AUS,2018,51663.36509,PISAMATH,GIRL,488.0
1665,Australia,AUS,2018,51663.36509,PISAMATH,TOT,491.0
1666,Australia,AUS,2018,51663.36509,PISAREAD,BOY,487.0
1667,Australia,AUS,2018,51663.36509,PISAREAD,GIRL,519.0
1668,Australia,AUS,2018,51663.36509,PISAREAD,TOT,503.0
1669,Australia,AUS,2018,51663.36509,PISASCIENCE,BOY,504.0
1670,Australia,AUS,2018,51663.36509,PISASCIENCE,GIRL,502.0
1671,Australia,AUS,2018,51663.36509,PISASCIENCE,TOT,503.0
1672,Austria,AUT,2018,55454.68929,PISAMATH,BOY,505.0
1673,Austria,AUT,2018,55454.68929,PISAMATH,GIRL,492.0
1674,Austria,AUT,2018,55454.68929,PISAMATH,TOT,499.0
1675,Austria,AUT,2018,55454.68929,PISAREAD,BOY,471.0
1676,Austria,AUT,2018,55454.68929,PISAREAD,GIRL,499.0
1677,Austria,AUT,2018,55454.68929,PISAREAD,TOT,484.0
1678,Austria,AUT,2018,55454.68929,PISASCIENCE,BOY,491.0
1679,Austria,AUT,2018,55454.68929,PISASCIENCE,GIRL,489.0
1680,Austria,AUT,2018,55454.68929,PISASCIENCE,TOT,490.0
1681,Belgium,BEL,2018,51407.99834,PISAMATH,BOY,514.0
1682,Belgium,BEL,2018,51407.99834,PISAMATH,GIRL,502.0
1683,Belgium,BEL,2018,51407.99834,PISAMATH,TOT,508.0
1684,Belgium,BEL,2018,51407.99834,PISAREAD,BOY,482.0
1685,Belgium,BEL,2018,51407.99834,PISAREAD,GIRL,504.0
1686,Belgium,BEL,2018,51407.99834,PISAREAD,TOT,493.0
1687,Belgium,BEL,2018,51407.99834,PISASCIENCE,BOY,501.0
1688,Belgium,BEL,2018,51407.99834,PISASCIENCE,GIRL,496.0
1689,Belgium,BEL,2018,51407.99834,PISASCIENCE,TOT,499.0
1690,Brazil,BRA,2018,16096.40096,PISAMATH,BOY,388.0
1691,Brazil,BRA,2018,16096.40096,PISAMATH,GIRL,379.0
1692,Brazil,BRA,2018,16096.40096,PISAMATH,TOT,384.0
1693,Brazil,BRA,2018,16096.40096,PISAREAD,BOY,400.0
1694,Brazil,BRA,2018,16096.40096,PISAREAD,GIRL,426.0
1695,Brazil,BRA,2018,16096.40096,PISAREAD,TOT,413.0
1696,Brazil,BRA,2018,16096.40096,PISASCIENCE,BOY,403.0
1697,Brazil,BRA,2018,16096.40096,PISASCIENCE,GIRL,404.0
1698,Brazil,BRA,2018,16096.40096,PISASCIENCE,TOT,404.0
1699,Canada,CAN,2018,48130.25597,PISAMATH,BOY,514.0
1700,Canada,CAN,2018,48130.25597,PISAMATH,GIRL,510.0
1701,Canada,CAN,2018,48130.25597,PISAMATH,TOT,512.0
1702,Canada,CAN,2018,48130.25597,PISAREAD,BOY,506.0
1703,Canada,CAN,2018,48130.25597,PISAREAD,GIRL,535.0
1704,Canada,CAN,2018,48130.25597,PISAREAD,TOT,520.0
1705,Canada,CAN,2018,48130.25597,PISASCIENCE,BOY,516.0
1706,Canada,CAN,2018,48130.25597,PISASCIENCE,GIRL,520.0
1707,Canada,CAN,2018,48130.25597,PISASCIENCE,TOT,518.0
1708,Switzerland,CHE,2018,68060.94105,PISAMATH,BOY,519.0
1709,Switzerland,CHE,2018,68060.94105,PISAMATH,GIRL,512.0
1710,Switzerland,CHE,2018,68060.94105,PISAMATH,TOT,515.0
1711,Switzerland,CHE,2018,68060.94105,PISAREAD,BOY,469.0
1712,Switzerland,CHE,2018,68060.94105,PISAREAD,GIRL,500.0
1713,Switzerland,CHE,2018,68060.94105,PISAREAD,TOT,484.0
1714,Switzerland,CHE,2018,68060.94105,PISASCIENCE,BOY,495.0
1715,Switzerland,CHE,2018,68060.94105,PISASCIENCE,GIRL,495.0
1716,Switzerland,CHE,2018,68060.94105,PISASCIENCE,TOT,495.0
1717,Chile,CHL,2018,25222.52778,PISAMATH,BOY,421.0
1718,Chile,CHL,2018,25222.52778,PISAMATH,GIRL,414.0
1719,Chile,CHL,2018,25222.52778,PISAMATH,TOT,417.0
1720,Chile,CHL,2018,25222.52778,PISAREAD,BOY,442.0
1721,Chile,CHL,2018,25222.52778,PISAREAD,GIRL,462.0
1722,Chile,CHL,2018,25222.52778,PISAREAD,TOT,452.0
1723,Chile,CHL,2018,25222.52778,PISASCIENCE,BOY,445.0
1724,Chile,CHL,2018,25222.52778,PISASCIENCE,GIRL,442.0
1725,Chile,CHL,2018,25222.52778,PISASCIENCE,TOT,444.0
1726,Colombia,COL,2018,15012.93027,PISAMATH,TOT,391.0
1727,Colombia,COL,2018,15012.93027,PISAMATH,BOY,401.0
1728,Colombia,COL,2018,15012.93027,PISAMATH,GIRL,381.0
1729,Colombia,COL,2018,15012.93027,PISAREAD,TOT,412.0
1730,Colombia,COL,2018,15012.93027,PISAREAD,BOY,407.0
1731,Colombia,COL,2018,15012.93027,PISAREAD,GIRL,417.0
1732,Colombia,COL,2018,15012.93027,PISASCIENCE,TOT,413.0
1733,Colombia,COL,2018,15012.93027,PISASCIENCE,BOY,420.0
1734,Colombia,COL,2018,15012.93027,PISASCIENCE,GIRL,407.0
1735,Costa Rica,CRI,2018,17671.09535,PISAMATH,TOT,402.0
1736,Costa Rica,CRI,2018,17671.09535,PISAMATH,BOY,411.0
1737,Costa Rica,CRI,2018,17671.09535,PISAMATH,GIRL,394.0
1738,Costa Rica,CRI,2018,17671.09535,PISAREAD,TOT,426.0
1739,Costa Rica,CRI,2018,17671.09535,PISAREAD,BOY,419.0
1740,Costa Rica,CRI,2018,17671.09535,PISAREAD,GIRL,434.0
1741,Costa Rica,CRI,2018,17671.09535,PISASCIENCE,TOT,416.0
1742,Costa Rica,CRI,2018,17671.09535,PISASCIENCE,BOY,420.0
1743,Costa Rica,CRI,2018,17671.09535,PISASCIENCE,GIRL,411.0
1744,Czech Republic,CZE,2018,39743.59709,PISAMATH,BOY,501.0
1745,Czech Republic,CZE,2018,39743.59709,PISAMATH,GIRL,498.0
1746,Czech Republic,CZE,2018,39743.59709,PISAMATH,TOT,499.0
1747,Czech Republic,CZE,2018,39743.59709,PISAREAD,BOY,474.0
1748,Czech Republic,CZE,2018,39743.59709,PISAREAD,GIRL,507.0
1749,Czech Republic,CZE,2018,39743.59709,PISAREAD,TOT,490.0
1750,Czech Republic,CZE,2018,39743.59709,PISASCIENCE,BOY,496.0
1751,Czech Republic,CZE,2018,39743.59709,PISASCIENCE,GIRL,498.0
1752,Czech Republic,CZE,2018,39743.59709,PISASCIENCE,TOT,497.0
1753,Germany,DEU,2018,53074.54012,PISAMATH,BOY,503.0
1754,Germany,DEU,2018,53074.54012,PISAMATH,GIRL,496.0
1755,Germany,DEU,2018,53074.54012,PISAMATH,TOT,500.0
1756,Germany,DEU,2018,53074.54012,PISAREAD,BOY,486.0
1757,Germany,DEU,2018,53074.54012,PISAREAD,GIRL,512.0
1758,Germany,DEU,2018,53074.54012,PISAREAD,TOT,498.0
1759,Germany,DEU,2018,53074.54012,PISASCIENCE,BOY,502.0
1760,Germany,DEU,2018,53074.54012,PISASCIENCE,GIRL,504.0
1761,Germany,DEU,2018,53074.54012,PISASCIENCE,TOT,503.0
1762,Denmark,DNK,2018,55671.16527,PISAMATH,BOY,511.0
1763,Denmark,DNK,2018,55671.16527,PISAMATH,GIRL,507.0
1764,Denmark,DNK,2018,55671.16527,PISAMATH,TOT,509.0
1765,Denmark,DNK,2018,55671.16527,PISAREAD,BOY,486.0
1766,Denmark,DNK,2018,55671.16527,PISAREAD,GIRL,516.0
1767,Denmark,DNK,2018,55671.16527,PISAREAD,TOT,501.0
1768,Denmark,DNK,2018,55671.16527,PISASCIENCE,BOY,492.0
1769,Denmark,DNK,2018,55671.16527,PISASCIENCE,GIRL,494.0
1770,Denmark,DNK,2018,55671.16527,PISASCIENCE,TOT,493.0
1771,Spain,ESP,2018,39715.43906,PISAMATH,BOY,485.0
1772,Spain,ESP,2018,39715.43906,PISAMATH,GIRL,478.0
1773,Spain,ESP,2018,39715.43906,PISAMATH,TOT,481.0
1774,Spain,ESP,2018,39715.43906,PISASCIENCE,BOY,484.0
1775,Spain,ESP,2018,39715.43906,PISASCIENCE,GIRL,482.0
1776,Spain,ESP,2018,39715.43906,PISASCIENCE,TOT,483.0
1777,Estonia,EST,2018,35973.77646,PISAMATH,BOY,528.0
1778,Estonia,EST,2018,35973.77646,PISAMATH,GIRL,519.0
1779,Estonia,EST,2018,35973.77646,PISAMATH,TOT,523.0
1780,Estonia,EST,2018,35973.77646,PISAREAD,BOY,508.0
1781,Estonia,EST,2018,35973.77646,PISAREAD,GIRL,538.0
1782,Estonia,EST,2018,35973.77646,PISAREAD,TOT,523.0
1783,Estonia,EST,2018,35973.77646,PISASCIENCE,BOY,528.0
1784,Estonia,EST,2018,35973.77646,PISASCIENCE,GIRL,533.0
1785,Estonia,EST,2018,35973.77646,PISASCIENCE,TOT,530.0
1786,Finland,FIN,2018,48416.93603,PISAMATH,BOY,504.0
1787,Finland,FIN,2018,48416.93603,PISAMATH,GIRL,510.0
1788,Finland,FIN,2018,48416.93603,PISAMATH,TOT,507.0
1789,Finland,FIN,2018,48416.93603,PISAREAD,BOY,495.0
1790,Finland,FIN,2018,48416.93603,PISAREAD,GIRL,546.0
1791,Finland,FIN,2018,48416.93603,PISAREAD,TOT,520.0
1792,Finland,FIN,2018,48416.93603,PISASCIENCE,BOY,510.0
1793,Finland,FIN,2018,48416.93603,PISASCIENCE,GIRL,534.0
1794,Finland,FIN,2018,48416.93603,PISASCIENCE,TOT,522.0
1795,France,FRA,2018,45342.39574,PISAMATH,BOY,499.0
1796,France,FRA,2018,45342.39574,PISAMATH,GIRL,492.0
1797,France,FRA,2018,45342.39574,PISAMATH,TOT,495.0
1798,France,FRA,2018,45342.39574,PISAREAD,BOY,480.0
1799,France,FRA,2018,45342.39574,PISAREAD,GIRL,505.0
1800,France,FRA,2018,45342.39574,PISAREAD,TOT,493.0
1801,France,FRA,2018,45342.39574,PISASCIENCE,BOY,493.0
1802,France,FRA,2018,45342.39574,PISASCIENCE,GIRL,493.0
1803,France,FRA,2018,45342.39574,PISASCIENCE,TOT,493.0
1804,United Kingdom,GBR,2018,45973.5735,PISAMATH,BOY,508.0
1805,United Kingdom,GBR,2018,45973.5735,PISAMATH,GIRL,496.0
1806,United Kingdom,GBR,2018,45973.5735,PISAMATH,TOT,502.0
1807,United Kingdom,GBR,2018,45973.5735,PISAREAD,BOY,494.0
1808,United Kingdom,GBR,2018,45973.5735,PISAREAD,GIRL,514.0
1809,United Kingdom,GBR,2018,45973.5735,PISAREAD,TOT,504.0
1810,United Kingdom,GBR,2018,45973.5735,PISASCIENCE,BOY,506.0
1811,United Kingdom,GBR,2018,45973.5735,PISASCIENCE,GIRL,503.0
1812,United Kingdom,GBR,2018,45973.5735,PISASCIENCE,TOT,505.0
1813,Greece,GRC,2018,29592.15242,PISAMATH,BOY,452.0
1814,Greece,GRC,2018,29592.15242,PISAMATH,GIRL,451.0
1815,Greece,GRC,2018,29592.15242,PISAMATH,TOT,451.0
1816,Greece,GRC,2018,29592.15242,PISAREAD,BOY,437.0
1817,Greece,GRC,2018,29592.15242,PISAREAD,GIRL,479.0
1818,Greece,GRC,2018,29592.15242,PISAREAD,TOT,457.0
1819,Greece,GRC,2018,29592.15242,PISASCIENCE,BOY,446.0
1820,Greece,GRC,2018,29592.15242,PISASCIENCE,GIRL,457.0
1821,Greece,GRC,2018,29592.15242,PISASCIENCE,TOT,452.0
1822,Hungary,HUN,2018,31102.50275,PISAMATH,BOY,486.0
1823,Hungary,HUN,2018,31102.50275,PISAMATH,GIRL,477.0
1824,Hungary,HUN,2018,31102.50275,PISAMATH,TOT,481.0
1825,Hungary,HUN,2018,31102.50275,PISAREAD,BOY,463.0
1826,Hungary,HUN,2018,31102.50275,PISAREAD,GIRL,489.0
1827,Hungary,HUN,2018,31102.50275,PISAREAD,TOT,476.0
1828,Hungary,HUN,2018,31102.50275,PISASCIENCE,BOY,484.0
1829,Hungary,HUN,2018,31102.50275,PISASCIENCE,GIRL,478.0
1830,Hungary,HUN,2018,31102.50275,PISASCIENCE,TOT,481.0
1831,Indonesia,IDN,2018,13079.6193,PISAMATH,BOY,374.0
1832,Indonesia,IDN,2018,13079.6193,PISAMATH,GIRL,383.0
1833,Indonesia,IDN,2018,13079.6193,PISAMATH,TOT,379.0
1834,Indonesia,IDN,2018,13079.6193,PISAREAD,BOY,358.0
1835,Indonesia,IDN,2018,13079.6193,PISAREAD,GIRL,383.0
1836,Indonesia,IDN,2018,13079.6193,PISAREAD,TOT,371.0
1837,Indonesia,IDN,2018,13079.6193,PISASCIENCE,BOY,393.0
1838,Indonesia,IDN,2018,13079.6193,PISASCIENCE,GIRL,399.0
1839,Indonesia,IDN,2018,13079.6193,PISASCIENCE,TOT,396.0
1840,Ireland,IRL,2018,83203.39468,PISAMATH,BOY,503.0
1841,Ireland,IRL,2018,83203.39468,PISAMATH,GIRL,497.0
1842,Ireland,IRL,2018,83203.39468,PISAMATH,TOT,500.0
1843,Ireland,IRL,2018,83203.39468,PISAREAD,BOY,506.0
1844,Ireland,IRL,2018,83203.39468,PISAREAD,GIRL,530.0
1845,Ireland,IRL,2018,83203.39468,PISAREAD,TOT,518.0
1846,Ireland,IRL,2018,83203.39468,PISASCIENCE,BOY,495.0
1847,Ireland,IRL,2018,83203.39468,PISASCIENCE,GIRL,497.0
1848,Ireland,IRL,2018,83203.39468,PISASCIENCE,TOT,496.0
1849,Iceland,ISL,2018,57303.06078,PISAMATH,BOY,490.0
1850,Iceland,ISL,2018,57303.06078,PISAMATH,GIRL,500.0
1851,Iceland,ISL,2018,57303.06078,PISAMATH,TOT,495.0
1852,Iceland,ISL,2018,57303.06078,PISAREAD,BOY,454.0
1853,Iceland,ISL,2018,57303.06078,PISAREAD,GIRL,494.0
1854,Iceland,ISL,2018,57303.06078,PISAREAD,TOT,474.0
1855,Iceland,ISL,2018,57303.06078,PISASCIENCE,BOY,471.0
1856,Iceland,ISL,2018,57303.06078,PISASCIENCE,GIRL,479.0
1857,Iceland,ISL,2018,57303.06078,PISASCIENCE,TOT,475.0
1858,Israel,ISR,2018,39919.16965,PISAMATH,BOY,458.0
1859,Israel,ISR,2018,39919.16965,PISAMATH,GIRL,467.0
1860,Israel,ISR,2018,39919.16965,PISAMATH,TOT,463.0
1861,Israel,ISR,2018,39919.16965,PISAREAD,BOY,445.0
1862,Israel,ISR,2018,39919.16965,PISAREAD,GIRL,493.0
1863,Israel,ISR,2018,39919.16965,PISAREAD,TOT,470.0
1864,Israel,ISR,2018,39919.16965,PISASCIENCE,BOY,452.0
1865,Israel,ISR,2018,39919.16965,PISASCIENCE,GIRL,471.0
1866,Israel,ISR,2018,39919.16965,PISASCIENCE,TOT,462.0
1867,Italy,ITA,2018,41830.42633,PISAMATH,BOY,494.0
1868,Italy,ITA,2018,41830.42633,PISAMATH,GIRL,479.0
1869,Italy,ITA,2018,41830.42633,PISAMATH,TOT,487.0
1870,Italy,ITA,2018,41830.42633,PISAREAD,BOY,464.0
1871,Italy,ITA,2018,41830.42633,PISAREAD,GIRL,489.0
1872,Italy,ITA,2018,41830.42633,PISAREAD,TOT,476.0
1873,Italy,ITA,2018,41830.42633,PISASCIENCE,BOY,470.0
1874,Italy,ITA,2018,41830.42633,PISASCIENCE,GIRL,466.0
1875,Italy,ITA,2018,41830.42633,PISASCIENCE,TOT,468.0
1876,Japan,JPN,2018,42797.45852,PISAMATH,BOY,532.0
1877,Japan,JPN,2018,42797.45852,PISAMATH,GIRL,522.0
1878,Japan,JPN,2018,42797.45852,PISAMATH,TOT,527.0
1879,Japan,JPN,2018,42797.45852,PISAREAD,BOY,493.0
1880,Japan,JPN,2018,42797.45852,PISAREAD,GIRL,514.0
1881,Japan,JPN,2018,42797.45852,PISAREAD,TOT,504.0
1882,Japan,JPN,2018,42797.45852,PISASCIENCE,BOY,531.0
1883,Japan,JPN,2018,42797.45852,PISASCIENCE,GIRL,528.0
1884,Japan,JPN,2018,42797.45852,PISASCIENCE,TOT,529.0
1885,"Korea, Rep.",KOR,2018,40111.77576,PISAMATH,BOY,528.0
1886,"Korea, Rep.",KOR,2018,40111.77576,PISAMATH,GIRL,524.0
1887,"Korea, Rep.",KOR,2018,40111.77576,PISAMATH,TOT,526.0
1888,"Korea, Rep.",KOR,2018,40111.77576,PISAREAD,BOY,503.0
1889,"Korea, Rep.",KOR,2018,40111.77576,PISAREAD,GIRL,526.0
1890,"Korea, Rep.",KOR,2018,40111.77576,PISAREAD,TOT,514.0
1891,"Korea, Rep.",KOR,2018,40111.77576,PISASCIENCE,BOY,521.0
1892,"Korea, Rep.",KOR,2018,40111.77576,PISASCIENCE,GIRL,517.0
1893,"Korea, Rep.",KOR,2018,40111.77576,PISASCIENCE,TOT,519.0
1894,Lithuania,LTU,2018,35461.3591,PISAMATH,TOT,481.0
1895,Lithuania,LTU,2018,35461.3591,PISAMATH,BOY,480.0
1896,Lithuania,LTU,2018,35461.3591,PISAMATH,GIRL,482.0
1897,Lithuania,LTU,2018,35461.3591,PISAREAD,TOT,476.0
1898,Lithuania,LTU,2018,35461.3591,PISAREAD,BOY,457.0
1899,Lithuania,LTU,2018,35461.3591,PISAREAD,GIRL,496.0
1900,Lithuania,LTU,2018,35461.3591,PISASCIENCE,TOT,482.0
1901,Lithuania,LTU,2018,35461.3591,PISASCIENCE,BOY,479.0
1902,Lithuania,LTU,2018,35461.3591,PISASCIENCE,GIRL,485.0
1903,Luxembourg,LUX,2018,113337.4205,PISAMATH,BOY,487.0
1904,Luxembourg,LUX,2018,113337.4205,PISAMATH,GIRL,480.0
1905,Luxembourg,LUX,2018,113337.4205,PISAMATH,TOT,483.0
1906,Luxembourg,LUX,2018,113337.4205,PISAREAD,BOY,456.0
1907,Luxembourg,LUX,2018,113337.4205,PISAREAD,GIRL,485.0
1908,Luxembourg,LUX,2018,113337.4205,PISAREAD,TOT,470.0
1909,Luxembourg,LUX,2018,113337.4205,PISASCIENCE,BOY,475.0
1910,Luxembourg,LUX,2018,113337.4205,PISASCIENCE,GIRL,479.0
1911,Luxembourg,LUX,2018,113337.4205,PISASCIENCE,TOT,477.0
1912,Latvia,LVA,2018,30304.8525,PISAMATH,BOY,500.0
1913,Latvia,LVA,2018,30304.8525,PISAMATH,GIRL,493.0
1914,Latvia,LVA,2018,30304.8525,PISAMATH,TOT,496.0
1915,Latvia,LVA,2018,30304.8525,PISAREAD,BOY,462.0
1916,Latvia,LVA,2018,30304.8525,PISAREAD,GIRL,495.0
1917,Latvia,LVA,2018,30304.8525,PISAREAD,TOT,479.0
1918,Latvia,LVA,2018,30304.8525,PISASCIENCE,BOY,483.0
1919,Latvia,LVA,2018,30304.8525,PISASCIENCE,GIRL,491.0
1920,Latvia,LVA,2018,30304.8525,PISASCIENCE,TOT,487.0
1921,Mexico,MEX,2018,19844.64567,PISAMATH,BOY,415.0
1922,Mexico,MEX,2018,19844.64567,PISAMATH,GIRL,403.0
1923,Mexico,MEX,2018,19844.64567,PISAMATH,TOT,409.0
1924,Mexico,MEX,2018,19844.64567,PISAREAD,BOY,415.0
1925,Mexico,MEX,2018,19844.64567,PISAREAD,GIRL,426.0
1926,Mexico,MEX,2018,19844.64567,PISAREAD,TOT,420.0
1927,Mexico,MEX,2018,19844.64567,PISASCIENCE,BOY,424.0
1928,Mexico,MEX,2018,19844.64567,PISASCIENCE,GIRL,415.0
1929,Mexico,MEX,2018,19844.64567,PISASCIENCE,TOT,419.0
1930,Netherlands,NLD,2018,56328.94114,PISAMATH,BOY,520.0
1931,Netherlands,NLD,2018,56328.94114,PISAMATH,GIRL,519.0
1932,Netherlands,NLD,2018,56328.94114,PISAMATH,TOT,519.0
1933,Netherlands,NLD,2018,56328.94114,PISAREAD,BOY,470.0
1934,Netherlands,NLD,2018,56328.94114,PISAREAD,GIRL,499.0
1935,Netherlands,NLD,2018,56328.94114,PISAREAD,TOT,485.0
1936,Netherlands,NLD,2018,56328.94114,PISASCIENCE,BOY,499.0
1937,Netherlands,NLD,2018,56328.94114,PISASCIENCE,GIRL,508.0
1938,Netherlands,NLD,2018,56328.94114,PISASCIENCE,TOT,503.0
1939,Norway,NOR,2018,65510.58527,PISAMATH,BOY,497.0
1940,Norway,NOR,2018,65510.58527,PISAMATH,GIRL,505.0
1941,Norway,NOR,2018,65510.58527,PISAMATH,TOT,501.0
1942,Norway,NOR,2018,65510.58527,PISAREAD,BOY,476.0
1943,Norway,NOR,2018,65510.58527,PISAREAD,GIRL,523.0
1944,Norway,NOR,2018,65510.58527,PISAREAD,TOT,499.0
1945,Norway,NOR,2018,65510.58527,PISASCIENCE,BOY,485.0
1946,Norway,NOR,2018,65510.58527,PISASCIENCE,GIRL,496.0
1947,Norway,NOR,2018,65510.58527,PISASCIENCE,TOT,490.0
1948,New Zealand,NZL,2018,41005.42087,PISAMATH,BOY,499.0
1949,New Zealand,NZL,2018,41005.42087,PISAMATH,GIRL,490.0
1950,New Zealand,NZL,2018,41005.42087,PISAMATH,TOT,494.0
1951,New Zealand,NZL,2018,41005.42087,PISAREAD,BOY,491.0
1952,New Zealand,NZL,2018,41005.42087,PISAREAD,GIRL,520.0
1953,New Zealand,NZL,2018,41005.42087,PISAREAD,TOT,506.0
1954,New Zealand,NZL,2018,41005.42087,PISASCIENCE,BOY,509.0
1955,New Zealand,NZL,2018,41005.42087,PISASCIENCE,GIRL,508.0
1956,New Zealand,NZL,2018,41005.42087,PISASCIENCE,TOT,508.0
1957,Poland,POL,2018,31336.6035,PISAMATH,BOY,516.0
1958,Poland,POL,2018,31336.6035,PISAMATH,GIRL,515.0
1959,Poland,POL,2018,31336.6035,PISAMATH,TOT,516.0
1960,Poland,POL,2018,31336.6035,PISAREAD,BOY,495.0
1961,Poland,POL,2018,31336.6035,PISAREAD,GIRL,528.0
1962,Poland,POL,2018,31336.6035,PISAREAD,TOT,512.0
1963,Poland,POL,2018,31336.6035,PISASCIENCE,BOY,511.0
1964,Poland,POL,2018,31336.6035,PISASCIENCE,GIRL,511.0
1965,Poland,POL,2018,31336.6035,PISASCIENCE,TOT,511.0
1966,Portugal,PRT,2018,33415.4379,PISAMATH,BOY,497.0
1967,Portugal,PRT,2018,33415.4379,PISAMATH,GIRL,488.0
1968,Portugal,PRT,2018,33415.4379,PISAMATH,TOT,492.0
1969,Portugal,PRT,2018,33415.4379,PISAREAD,BOY,480.0
1970,Portugal,PRT,2018,33415.4379,PISAREAD,GIRL,504.0
1971,Portugal,PRT,2018,33415.4379,PISAREAD,TOT,492.0
1972,Portugal,PRT,2018,33415.4379,PISASCIENCE,BOY,494.0
1973,Portugal,PRT,2018,33415.4379,PISASCIENCE,GIRL,489.0
1974,Portugal,PRT,2018,33415.4379,PISASCIENCE,TOT,492.0
1975,Russian Federation,RUS,2018,27588.12544,PISAMATH,BOY,490.0
1976,Russian Federation,RUS,2018,27588.12544,PISAMATH,GIRL,485.0
1977,Russian Federation,RUS,2018,27588.12544,PISAMATH,TOT,488.0
1978,Russian Federation,RUS,2018,27588.12544,PISAREAD,BOY,466.0
1979,Russian Federation,RUS,2018,27588.12544,PISAREAD,GIRL,491.0
1980,Russian Federation,RUS,2018,27588.12544,PISAREAD,TOT,479.0
1981,Russian Federation,RUS,2018,27588.12544,PISASCIENCE,BOY,477.0
1982,Russian Federation,RUS,2018,27588.12544,PISASCIENCE,GIRL,478.0
1983,Russian Federation,RUS,2018,27588.12544,PISASCIENCE,TOT,478.0
1984,Slovak Republic,SVK,2018,33736.40094,PISAMATH,BOY,488.0
1985,Slovak Republic,SVK,2018,33736.40094,PISAMATH,GIRL,484.0
1986,Slovak Republic,SVK,2018,33736.40094,PISAMATH,TOT,486.0
1987,Slovak Republic,SVK,2018,33736.40094,PISAREAD,BOY,441.0
1988,Slovak Republic,SVK,2018,33736.40094,PISAREAD,GIRL,475.0
1989,Slovak Republic,SVK,2018,33736.40094,PISAREAD,TOT,458.0
1990,Slovak Republic,SVK,2018,33736.40094,PISASCIENCE,BOY,461.0
1991,Slovak Republic,SVK,2018,33736.40094,PISASCIENCE,GIRL,467.0
1992,Slovak Republic,SVK,2018,33736.40094,PISASCIENCE,TOT,464.0
1993,Slovenia,SVN,2018,38048.78466,PISAMATH,BOY,509.0
1994,Slovenia,SVN,2018,38048.78466,PISAMATH,GIRL,509.0
1995,Slovenia,SVN,2018,38048.78466,PISAMATH,TOT,509.0
1996,Slovenia,SVN,2018,38048.78466,PISAREAD,BOY,475.0
1997,Slovenia,SVN,2018,38048.78466,PISAREAD,GIRL,517.0
1998,Slovenia,SVN,2018,38048.78466,PISAREAD,TOT,495.0
1999,Slovenia,SVN,2018,38048.78466,PISASCIENCE,BOY,502.0
2000,Slovenia,SVN,2018,38048.78466,PISASCIENCE,GIRL,512.0
2001,Slovenia,SVN,2018,38048.78466,PISASCIENCE,TOT,507.0
2002,Sweden,SWE,2018,53208.88436,PISAMATH,BOY,502.0
2003,Sweden,SWE,2018,53208.88436,PISAMATH,GIRL,503.0
2004,Sweden,SWE,2018,53208.88436,PISAMATH,TOT,502.0
2005,Sweden,SWE,2018,53208.88436,PISAREAD,BOY,489.0
2006,Sweden,SWE,2018,53208.88436,PISAREAD,GIRL,523.0
2007,Sweden,SWE,2018,53208.88436,PISAREAD,TOT,506.0
2008,Sweden,SWE,2018,53208.88436,PISASCIENCE,BOY,496.0
2009,Sweden,SWE,2018,53208.88436,PISASCIENCE,GIRL,503.0
2010,Sweden,SWE,2018,53208.88436,PISASCIENCE,TOT,499.0
2011,Turkey,TUR,2018,28068.85941,PISAMATH,BOY,456.0
2012,Turkey,TUR,2018,28068.85941,PISAMATH,GIRL,451.0
2013,Turkey,TUR,2018,28068.85941,PISAMATH,TOT,454.0
2014,Turkey,TUR,2018,28068.85941,PISAREAD,BOY,453.0
2015,Turkey,TUR,2018,28068.85941,PISAREAD,GIRL,478.0
2016,Turkey,TUR,2018,28068.85941,PISAREAD,TOT,466.0
2017,Turkey,TUR,2018,28068.85941,PISASCIENCE,BOY,465.0
2018,Turkey,TUR,2018,28068.85941,PISASCIENCE,GIRL,472.0
2019,Turkey,TUR,2018,28068.85941,PISASCIENCE,TOT,468.0
2020,United States,USA,2018,62794.58565,PISAMATH,BOY,482.0
2021,United States,USA,2018,62794.58565,PISAMATH,GIRL,474.0
2022,United States,USA,2018,62794.58565,PISAMATH,TOT,478.0
2023,United States,USA,2018,62794.58565,PISAREAD,BOY,494.0
2024,United States,USA,2018,62794.58565,PISAREAD,GIRL,517.0
2025,United States,USA,2018,62794.58565,PISAREAD,TOT,505.0
2026,United States,USA,2018,62794.58565,PISASCIENCE,BOY,503.0
2027,United States,USA,2018,62794.58565,PISASCIENCE,GIRL,502.0
2028,United States,USA,2018,62794.58565,PISASCIENCE,TOT,502.0
